timestamp,phase_label,channel_0,channel_1,channel_2,channel_3,channel_4,channel_5,channel_6,channel_7
7096.483496399999,baseline_start,17.831284057654102,17.38816450604145,3.563030610396254,6.880947306498058,-3.4460699680494145e-05,-3.4460699680494145e-05,7.378396308758511,18.776748693020636
7096.893958,baseline_start,6.351456288188729,1.9018938753947623,6.744920787987212,8.38190212156644,-3.3975242331507616e-05,-3.3975242331507616e-05,12.847697889070787,-15.569329179096258
7097.2714476,baseline_start,-25.91923730441067,-27.22348107701373,-5.3263177692679164,-13.649609226779376,-3.556097544787917e-05,-3.556097544787917e-05,-12.524342781933228,-0.4218355171960866
7097.652374699999,baseline_start,-30.751076851962807,45.34662628142087,31.931402669038107,31.431660308472715,-3.5204370760766324e-05,-3.5204370760766324e-05,11.950149977598358,-96.97317083570033
7098.008830299999,baseline_start,-57.27111679609607,-27.620803147235165,0.14375834755082906,17.690067861235093,-3.5231749279773794e-05,-3.5231749279773794e-05,17.152758716666085,-17.77848870817934
7098.413373699999,baseline_start,-52.18295432628929,16.590203060016393,-16.066574961144397,4.581912967961898,-3.6831565921602305e-05,-3.6831565921602305e-05,8.85030550865531,-109.37168506889248
7098.797210399999,baseline_start,2.1829343678659825,77.88245604506756,39.298486817527646,50.310288730383604,-3.324931640236173e-05,-3.324931640236173e-05,52.1672958998829,-84.53308753887404
7099.2120552,baseline_start,32.246905038939985,-123.34653826906106,6.0702806867689105,5.701940410491773,-3.268757245677989e-05,-3.268757245677989e-05,9.571678820872876,40.747549033131236
7099.596099299999,baseline_start,-33.1922417567871,17.94198600181153,-5.6470138338049765,-25.192769124563256,-3.4885840250353795e-05,-3.4885840250353795e-05,-28.0992839928972,-22.86241881808519
7099.946550799999,baseline_start,0.25239905453736355,17.194543298243843,-11.116125023605491,-9.50595736944075,-3.2856364668987226e-05,-3.2856364668987226e-05,-7.529427598543862,19.892876851292385
7100.370626999999,baseline_start,18.528069578237137,-27.21833516844754,-10.384097587266297,-9.625945307177403,-3.364476197020849e-05,-3.364476197020849e-05,-8.087842693148104,64.2925390612163
7100.771181099999,baseline_start,-44.80396988995108,4.817002788827722,-14.266395550413108,0.32401801394649965,-3.485922934487462e-05,-3.485922934487462e-05,2.0267281706042013,-88.48241511301285
7101.115554799999,baseline_start,23.291818028682883,-30.936441654228474,42.86541993935316,34.64450158228135,-3.600721538532525e-05,-3.600721538532525e-05,33.580524836555924,-24.990479345081894
7101.513080499999,baseline_start,-21.103051404731104,-15.43822162036031,-2.3858377100496,3.217635528936512,-3.7379592868092004e-05,-3.7379592868092004e-05,5.750321581956541,11.270949368844867
7101.869247799999,baseline_start,-15.040286640373779,-35.47706646313736,-53.178114767838906,-50.30260376735686,-3.279395787103567e-05,-3.279395787103567e-05,-41.96506014129227,65.85991299420402
7102.2748087,baseline_start,2.1614136083926496,-28.58184621925011,-52.11808559983774,-79.69346896840523,-3.757759350264678e-05,-3.757759350264678e-05,-81.60734487722993,120.34146765421974
7102.6670935,baseline_start,-67.92830659792344,-63.80921698314478,-9.034467293667603,1.8767320353632044,-3.839332475763513e-05,-3.839332475763513e-05,29.347349194993058,-139.85161757880815
7103.037948,baseline_start,0.6201590856785515,-58.16631611508183,-71.02376354294165,-76.52125218647473,-3.4682962905208115e-05,-3.4682962905208115e-05,-50.68873791434498,112.9768215487602
7103.4187229,baseline_start,-11.235089936596523,9.284086056734395,11.523997240055905,17.54837439457299,-3.725352235051105e-05,-3.725352235051105e-05,7.747495816236096,-54.236880984398795
7103.7970871,baseline_start,59.714083326560285,133.97597208948355,81.31251582593086,96.61764444044587,-3.420927623665193e-05,-3.420927623665193e-05,58.18435694596292,-124.97765427142213
7104.186274199999,baseline_start,-47.365983815358504,-81.68453517083708,-67.3180586123608,-77.53039422854147,-3.452322653174633e-05,-3.452322653174633e-05,-66.71732260185945,79.56377061328521
7104.5581870999995,baseline_start,-14.292419321813668,6.865863797330803,-14.34644232626215,-16.705997978884966,-3.523563191265566e-05,-3.523563191265566e-05,-20.120600760317302,-53.19049683684807
7104.9070716999995,baseline_start,43.99362790295527,54.49259007866249,59.81022424931189,71.6141792801431,-3.4636116652109195e-05,-3.4636116652109195e-05,46.5448468530908,11.00423849720437
7105.321817399999,baseline_start,-93.87526803688752,-78.29399987718216,-22.70636916227113,-24.630539729034012,-3.297143121017143e-05,-3.297143121017143e-05,11.017568624807609,-45.84753926713938
7105.6966322,baseline_start,-35.721647864287206,-19.916797762735314,11.888563499769589,18.38275283434234,-3.392594680917682e-05,-3.392594680917682e-05,27.86648533472362,-34.750343339962
7106.0811908999995,baseline_start,10.901145196619382,-5.486049900331182,-23.646860179259875,-33.71443405890585,-3.221768292860361e-05,-3.221768292860361e-05,-33.596425250597804,73.95342084756066
7106.461969,baseline_start,-7.403894677064727,-42.970914554216506,-51.19408183532869,-55.52094163320572,-3.399912930035498e-05,-3.399912930035498e-05,-43.5382590342756,18.345892043983895
7106.849539399999,baseline_start,-8.305993859591581,-18.746079025094787,-27.574048512031368,-32.75416057736652,-3.721067878359463e-05,-3.721067878359463e-05,-12.72283737558837,75.21925822375715
7107.2143062,baseline_start,12.14302403622878,25.011934730424855,32.96091353350357,29.76161481313443,-3.237570672354195e-05,-3.237570672354195e-05,18.647838259416403,-27.69599545200299
7107.610688299999,baseline_start,-5.411394222795934,4.373738729715569,9.271193777179178,19.413266306353307,-3.5774599382421e-05,-3.5774599382421e-05,0.22905256535068474,-63.32123595098619
7108.012122699999,baseline_start,22.270329953359578,-19.609057437694446,-35.77263810784416,-46.46129668958173,-3.544809078448452e-05,-3.544809078448452e-05,-43.91271781196929,74.00738831772196
7108.3725405,baseline_start,-21.263719025683713,-20.268984503322827,-18.825049760005186,-16.006105885818954,-3.358243429829599e-05,-3.358243429829599e-05,-21.83487127065746,3.387040354930832
7108.780065699999,baseline_start,24.30529117771539,18.304768772992702,15.327823090002767,17.241589255823214,-3.244270737923216e-05,-3.244270737923216e-05,16.957511149925722,34.10183377669546
7109.1866635999995,baseline_start,12.127987757048231,19.775199168299878,24.868509498413914,21.977374681046683,-3.823789847956505e-05,-3.823789847956505e-05,24.229337380308152,-28.74150469777942
7109.5361213999995,baseline_start,-13.659961380550612,-12.762056967106673,-20.30116917813166,-15.13789696756595,-3.385707896086387e-05,-3.385707896086387e-05,-13.614238879690674,7.969564735271433
7109.915839599999,baseline_start,-25.381334543995763,-5.755667848204666,-3.404013708803177,-9.226158703464307,-3.338812712172512e-05,-3.338812712172512e-05,-4.258455314672119,-50.59571170868594
7110.299147999999,baseline_start,0.005361982965496281,11.498101089790453,-0.35002352951960347,-5.165894924310635,-3.4509176657593343e-05,-3.4509176657593343e-05,-4.900537046430145,53.93827111980363
7110.693041599999,baseline_start,-16.5545918710186,-43.6460011763279,-37.39271445853137,-32.868135697528544,-3.2632624424877577e-05,-3.2632624424877577e-05,-17.69693120326292,24.19491389931909
7111.075478399999,baseline_start,34.338389096307765,34.25304196709067,18.832435014728617,25.326089016906224,-3.780286988330772e-05,-3.780286988330772e-05,26.15869676589864,-9.637249303940735
7111.499494399999,baseline_start,-57.50059432311946,-118.50935281939019,-136.23894959220388,-156.25863151889655,-3.566011309885653e-05,-3.566011309885653e-05,-136.6007599536506,33.269287892527245
7111.8860263,baseline_start,8.509659604413628,-28.750255356461366,-49.321814870231265,-58.73949873409458,-3.536680651450297e-05,-3.536680651450297e-05,-38.55385649948903,65.98109988133046
7112.2812721,baseline_start,34.55567996816717,17.407597276887827,1.1617265079498793,2.4648872704945575,-3.584650858101668e-05,-3.584650858101668e-05,15.952610318926418,46.694382250515446
7112.6926158999995,baseline_start,-9.002475758638411,-26.524445183405533,-31.48985355860259,-13.946557463491445,-3.4642042010091245e-05,-3.4642042010091245e-05,-32.868400156975895,-5.286393994167611
7113.0855211,baseline_start,45.59010228347324,49.75070270204469,22.069946265596172,16.924024891046088,-3.386995831533568e-05,-3.386995831533568e-05,4.399778406313999,35.119160517364435
7113.447019599999,baseline_start,-19.839856131730812,-30.17855524701008,-21.225029657833602,-24.64221935388798,-3.54027843059157e-05,-3.54027843059157e-05,-10.35032506864627,42.33901454925535
7113.8118417999995,baseline_start,31.89642451513282,47.05842098769017,40.672803383607516,41.153394953480074,-3.6180196730128955e-05,-3.6180196730128955e-05,25.462050675166665,-23.41832337565893
7114.1969437,baseline_start,-10.362955426886856,-20.441132617788753,-16.845251925947196,-20.131021744676787,-3.534913867042633e-05,-3.534913867042633e-05,-15.773999085310606,-12.58153133216183
7114.575349099999,baseline_start,64.68241569228167,74.57889524268103,37.77940265715188,31.933992508235917,-3.4209063414891716e-05,-3.4209063414891716e-05,12.973471365257865,23.831998741542975
7114.989299199999,baseline_start,-24.356117619126508,-12.574138266361842,8.07172081493809,7.781220631715598,-3.521988219290506e-05,-3.521988219290506e-05,15.978315222640958,-39.42635890796055
7115.3605114,baseline_start,-8.212149125295582,-0.6613707294136475,6.2554020856700845,0.3928898180552096,-3.4824856811610516e-05,-3.4824856811610516e-05,-2.117638529929536,-47.74055653202822
7115.722331099999,baseline_start,73.52566060444451,83.08933417613298,37.46411655983866,39.58121543518047,-3.263631424488267e-05,-3.263631424488267e-05,14.619352058513869,-10.040057798918951
7116.116169699999,baseline_start,-41.23549945526565,-58.59406734282311,-33.067303519475445,-33.478093893779885,-3.525110332702752e-05,-3.525110332702752e-05,-23.596272838335153,-10.337010722882951
7116.512427499999,baseline_start,-12.03462175089544,12.135156862550502,10.80492911085912,7.967173754948931,-3.675227708299644e-05,-3.675227708299644e-05,-5.13251237299346,-32.18382306573949
7116.9113284,baseline_start,-12.750335104621627,-11.328860360411454,-11.716680015292695,-11.098270035173584,-3.40491051247227e-05,-3.40491051247227e-05,-17.44585500725725,-8.325812808516275
7117.2874047,baseline_start,3.4955711254228845,-6.215115953104487,-8.478202655675886,-7.121269725380671,-3.095404917985434e-05,-3.095404917985434e-05,3.462486042482851,41.30680476381167
7117.6946132,baseline_start,4.320330376139282,8.385245797237985,12.051439927729007,15.863020449559428,-3.6167658436170314e-05,-3.6167658436170314e-05,20.095961005294157,-11.49235355563178
7118.1146843,baseline_start,-19.02015999635114,1.1850987537864057,-0.5464483155469679,0.11684777868259744,-3.413804643059848e-05,-3.413804643059848e-05,-5.70766578963412,-32.51309997667022
7118.460904099999,baseline_start,-7.4087555884461835,-8.847857076066248,-16.266620533911464,-12.454871875166248,-3.084727086388739e-05,-3.084727086388739e-05,-20.944593712249116,35.24539526646049
7118.8260126,baseline_start,65.23080487089055,95.91154842981541,51.70621513715878,43.446820798742294,-3.539708450261969e-05,-3.539708450261969e-05,25.1474533533451,6.070062548228634
7119.222309,baseline_start,-36.501647964015774,-43.94952310279132,-3.5914535116421575,-16.096716647434278,-3.653543808468385e-05,-3.653543808468385e-05,8.306127550217298,-28.953447639916703
7119.5949162,baseline_start,60.07638587168276,62.686697593793724,24.151159257455674,18.227455698713186,-3.3542120036145207e-05,-3.3542120036145207e-05,0.5146360516887398,-3.6616620655149745
7119.987662699999,baseline_start,-20.704060359497362,-23.12284834155571,-16.936176922659342,-9.570798455148406,-3.3087937481468543e-05,-3.3087937481468543e-05,-11.12834108589459,-31.326607577376762
7120.3527481,baseline_start,40.31483371868717,24.46924905257947,3.5723919533206754,5.577267643019923,-3.283492424088763e-05,-3.283492424088763e-05,-3.7654489730771274,38.20114427855469
7120.7325389,baseline_start,-7.061523604520971,-0.7489465750345516,-8.775246929092646,-5.2176014425497215,-3.5955414205091074e-05,-3.5955414205091074e-05,-9.563991701725627,-40.95167927263583
7121.103928799999,baseline_start,20.354384472254424,13.73998626046432,15.911231111234883,5.03922294209417,-3.41696559189586e-05,-3.41696559189586e-05,-5.029125434930847,-9.726029962892426
7121.4990542,baseline_start,-10.063955750577861,-6.929671331061854,-14.000671210590099,-4.9637080263534585,-3.314482273708563e-05,-3.314482273708563e-05,-9.29365802518214,25.33043979795775
7121.899136499999,baseline_start,93.14661883061763,82.61387048353527,30.107081777060557,26.96653665053384,-3.413437843846623e-05,-3.413437843846623e-05,7.4854441073816815,60.88012788609831
7122.2747941,baseline_start,-32.05846259171858,-24.068600458104356,-17.83504626999502,-9.984726697342353,-3.5318542359163985e-05,-3.5318542359163985e-05,7.567089711903009,30.227476439674774
7122.6558638,baseline_start,14.820117758469678,21.023081640139026,59.43401030169662,21.16965650441989,-3.415403079998214e-05,-3.415403079998214e-05,33.0719494629966,1.6890922199982015
7122.993926699999,baseline_start,44.00316860708608,44.665762878288206,4.3856012337155335,38.558237969010236,-3.447213839535834e-05,-3.447213839535834e-05,31.116400534453987,51.17318995652113
7123.3819317,baseline_start,-7.321434095372297,-2.189440753048075,13.837913110167392,6.790156307956863,-3.518745961628156e-05,-3.518745961628156e-05,7.818320385207699,-7.720184503446035
7123.746985499999,baseline_start,29.4109498909188,20.90780124528237,18.50613318731348,10.008581844048422,-3.50535910911276e-05,-3.50535910911276e-05,7.77447186883137,-9.679515591970357
7124.143027699999,baseline_start,-18.548963770882438,-27.92098225724021,-19.245855021053558,-22.79668259635656,-3.498012210911838e-05,-3.498012210911838e-05,-15.01355999452926,20.54091667954299
7124.499514699999,baseline_start,25.64888922144064,38.4401712781214,29.27060959416758,30.41969868841278,-3.4077927011821885e-05,-3.4077927011821885e-05,12.966389548113057,-6.279388977069175
7124.8670211,baseline_start,-25.713354275032543,-20.33559043583182,-18.954338523288243,-11.549664643028052,-3.243650098738726e-05,-3.243650098738726e-05,-9.370455136130204,-3.7837031731774005
7125.216975099999,baseline_start,-10.00768285121103,-6.395915495710142,-14.350465174352848,-14.537005119103867,-3.6699752854474355e-05,-3.6699752854474355e-05,5.7372132060809236,-4.584871547221155
7125.5830553,baseline_start,-16.83450879560769,2.525767525136871,5.3938547551179,12.650199434985439,-3.615347395680146e-05,-3.615347395680146e-05,-3.362306735304628,-30.544382061150372
7125.933708299999,baseline_start,5.428438682943124,-4.080320482315983,-9.104323542924249,-14.437861521574405,-3.36961666107527e-05,-3.36961666107527e-05,-8.395907467858706,51.09626612834245
7126.333085699999,baseline_start,5.042992382910143,16.68291518546539,9.797281293333526,15.734634895235331,-3.598629973566858e-05,-3.598629973566858e-05,17.073511842378593,18.79252845432211
7126.7396609,baseline_start,1.1875170259709193,-1.7926891425036047,-6.921056878627041,-2.7139824655056373,-3.548579934431473e-05,-3.548579934431473e-05,-7.296377901579945,-13.840013082167843
7127.1410927,baseline_start,3.5136865895569827,14.370320407483177,20.004878308135176,11.252983165197747,-3.462736185610993e-05,-3.462736185610993e-05,14.138714640414946,5.932072962767961
7127.542008299999,baseline_start,-4.05714406222296,-5.7997587686027146,7.725670990893377,12.574761038804922,-3.430002288951073e-05,-3.430002288951073e-05,18.36843636948379,-40.194300193789786
7127.914993199999,baseline_start,49.80934282306134,42.62237794010207,6.347579654865058,-2.4623490752916837,-3.3782715945562813e-05,-3.3782715945562813e-05,-14.26005432723423,34.032217308095824
7128.297932199999,baseline_start,-24.980634982620813,-29.260191853973993,-25.69199340506475,-4.8731698353043384,-3.442657998675713e-05,-3.442657998675713e-05,-6.12702457036994,9.375074449210388
7128.681661799999,baseline_start,20.4067638915285,9.809821772679243,-26.01831310208263,-22.195504456859908,-3.414734601392411e-05,-3.414734601392411e-05,-27.91969479660702,38.95883922478606
7129.0878348999995,baseline_start,6.212305046759866,6.97597835553097,20.66144558285805,18.993858742283294,-3.411131092434516e-05,-3.411131092434516e-05,23.809586917768684,15.306603150280353
7129.494104799999,baseline_start,-21.779529721869494,-4.20657518519738,-3.9775771213821827,1.54096444900307,-3.588140953070251e-05,-3.588140953070251e-05,-23.2085329550564,-78.72344428288534
7129.8909514,baseline_start,-13.54962368391125,-1.3082790842290706,1.6635440693580676,-2.0354138437014626,-3.3811583307397086e-05,-3.3811583307397086e-05,12.014649046058366,-23.285121427958984
7130.2908879,baseline_start,-14.825228262681321,-19.605336609248752,-26.51918167153326,-26.403918822431592,-3.327525519125629e-05,-3.327525519125629e-05,-38.25589821487256,18.643219466332994
7130.6396061,baseline_start,43.8208163769109,20.897413978127588,8.353237852070833,-1.9750107488076196,-3.486541936581489e-05,-3.486541936581489e-05,18.254859708044023,99.1866895148637
7131.0163906,baseline_start,-4.943855715545396,0.4026355013165812,-0.8778326353867669,2.194497014367414,-3.379741792741697e-05,-3.379741792741697e-05,-4.5577794505788916,-7.425882947670289
7131.3890535,baseline_start,83.32743479877081,76.06316220301551,47.88858741130025,51.18215289560271,-3.32121617248049e-05,-3.32121617248049e-05,28.540880514054606,13.691241911482393
7131.730119399999,baseline_start,-3.1793815352612,-25.95229256861876,-22.584866087279806,-22.218951351400847,-3.2760435715317726e-05,-3.2760435715317726e-05,-4.36825178839581,78.61891511156
7132.1440113,baseline_start,38.04397534558757,33.472097396229856,20.439849154478452,28.44827322100332,-3.516359629429644e-05,-3.516359629429644e-05,1.3819470807657126,-8.594586695834096
7132.505331699999,baseline_start,-12.288535308277915,-10.005990527855374,1.3994137048121047,-11.953842161333114,-3.62608097930206e-05,-3.62608097930206e-05,-6.3361537935625165,-7.922758115932538
7132.898809599999,baseline_start,10.977875173434768,-6.099988587736334,-4.051868923136226,-10.144801246807617,-3.5336456676304806e-05,-3.5336456676304806e-05,-7.901521861850142,24.86991676240268
7133.275255199999,baseline_start,17.66758511009948,19.399063117686637,14.787285964037437,19.179127014606536,-3.238653061998775e-05,-3.238653061998775e-05,7.130866210451586,27.13389043909592
7133.659116299999,baseline_start,78.8717671912159,86.652590349197,46.26571318254173,46.537263667205764,-3.3930350582522806e-05,-3.3930350582522806e-05,-7.080573580220516,-50.44446301121798
7134.029423499999,baseline_start,-26.787160075848533,-28.021262401748118,-9.625667569210236,-8.371335245241369,-3.4555382626422215e-05,-3.4555382626422215e-05,1.315697645094133,-21.841787261568243
7134.4244566,baseline_start,0.3422223049178683,2.055689738170713,12.675102638067074,7.723521469897548,-3.7525883271882776e-05,-3.7525883271882776e-05,-5.555525462993955,-14.237124804109044
7134.798250999999,baseline_start,9.986897064761251,5.774562960840285,-10.301533030024075,-0.10677839885568119,-3.551831832737662e-05,-3.551831832737662e-05,8.485498330915107,49.39152224740701
7135.153192299999,baseline_start,15.694774531406892,9.021544194188664,18.630395499884344,24.76523340855931,-3.471242507657735e-05,-3.471242507657735e-05,9.294156255820326,-15.018364106367699
7135.5619565,baseline_start,1.002200704525876,-2.80073713634647,-0.20925608957986697,-2.924116120435201,-3.37975870934315e-05,-3.37975870934315e-05,-8.350587024420747,-4.9378855524469145
7135.960587199999,baseline_start,-62.17927615177223,-68.39183294226314,-37.19525669399809,-32.02046121837168,-3.234824635001132e-05,-3.234824635001132e-05,-2.6268558740562185,42.358661986187144
7136.363469299999,baseline_start,-35.67319390633247,-45.01919750218576,-34.62399550024247,-28.901962216140248,-3.4873560252890456e-05,-3.4873560252890456e-05,-8.5660471561946,34.50946531915906
7136.762470399999,baseline_start,-22.336272194759204,-38.171542828455586,-26.760398479495052,-17.791650039722924,-3.736267353815492e-05,-3.736267353815492e-05,-17.080477802954647,17.056364228569237
7137.147536899999,baseline_start,-29.561913869988075,-33.72493773315364,-17.007280260403604,-23.070595435900373,-3.4557182516437024e-05,-3.4557182516437024e-05,-16.28545071724193,13.36363547558176
7137.540339199999,baseline_start,9.521761369497654,5.275573270313998,6.220572153622925,7.721755381204559,-3.404810377105605e-05,-3.404810377105605e-05,-6.751810107263282,9.71347189294238
7137.9547086,baseline_start,17.79578743502907,14.145292007447097,17.682564991966956,10.942721649977443,-3.59422419933253e-05,-3.59422419933253e-05,9.808897141267607,16.121048947933105
7138.3372318,baseline_start,-26.258488581061556,-7.505495192079252,5.140991562627278,4.202787444930095,-3.528789784468245e-05,-3.528789784468245e-05,6.7682079049682216,-49.95714448870467
7138.7051338,baseline_start,-2.0783016420737113,-13.767470438021064,-6.154765632609724,-12.121620181570734,-3.4685554055613466e-05,-3.4685554055613466e-05,-15.064468240452243,17.544557839453773
7139.0672253,baseline_start,-15.86722617115629,-15.276414720312005,-10.461319859809919,-5.738028688505722,-3.528764136717655e-05,-3.528764136717655e-05,6.295238155983498,-2.3585550148600305
7139.4159934,baseline_start,13.651460179945843,20.100900614441343,14.394655534916183,13.860524135860828,-3.4370347748335917e-05,-3.4370347748335917e-05,0.507448191403455,-35.06602144221506
7139.8211671,baseline_start,-4.051484888418599,-13.523041158462547,-0.8067166921982789,1.189306458352803,-3.411151010368485e-05,-3.411151010368485e-05,0.3525392345986802,-33.99305983372142
7140.2239608,baseline_start,46.35177705703927,67.10953736247257,23.100421152276795,26.308824056176206,-3.363989617355401e-05,-3.363989617355401e-05,-10.802350379217842,-33.44873419031546
7140.6252826,baseline_start,-33.81226275846166,-51.05689682485945,-38.069908441358166,-42.62540333400773,-3.148291125398828e-05,-3.148291125398828e-05,-23.58936440427351,23.19976249670617
7141.0104431,baseline_start,12.239620011997431,19.65901629178188,4.0609781977655075,1.290421221930501,-3.356268189236289e-05,-3.356268189236289e-05,-5.591268096313797,12.929864999590336
7141.415472899999,baseline_start,6.731498075778745,7.861141744089309,5.695899879934132,1.5638380213991354,-3.611455122154439e-05,-3.611455122154439e-05,-1.4217084766173684,25.94579981438119
7141.823206399999,baseline_start,17.49245104845204,29.91876987954629,24.255512388773695,33.13391346165156,-3.402741185709601e-05,-3.402741185709601e-05,18.5231857661297,18.115566692388256
7142.206922199999,baseline_start,-11.832447734406742,-10.718787510301354,-6.1926160306052225,-10.846227136786183,-3.4148273698519915e-05,-3.4148273698519915e-05,-11.141182843424303,-28.1420477323868
7142.603358599999,baseline_start,20.653255274346066,4.426872282373552,7.21682831863518,5.786655118949568,-3.256845047872048e-05,-3.256845047872048e-05,1.0248501852838672,18.926985411719215
7143.0120584999995,baseline_start,25.221186986941575,12.007017328249276,17.832111546748365,17.689063029293493,-3.469007060630247e-05,-3.469007060630247e-05,8.385992841458119,11.557247830522556
7143.406226499999,baseline_start,11.015368426023542,-24.936070691094756,-38.40524568964338,-44.682264904329884,-3.6467215068114456e-05,-3.6467215068114456e-05,-37.77593470393094,57.00302636682045
7143.822627299999,baseline_start,-12.5131691142019,-20.24031057402135,-20.482096188874493,-16.836757993650963,-3.319178540550638e-05,-3.319178540550638e-05,-16.30200043177865,7.906717452832254
7144.234235099999,baseline_start,-4.132999834801012,-3.0310657089703454,-27.911886725521526,-33.12665175397291,-3.597248814912746e-05,-3.597248814912746e-05,-41.74557117586528,-3.683730822574489
7144.5973358,baseline_start,-23.91806345250825,-37.621370769359146,-4.375087068809535,-4.246563986745798,-3.749350435100496e-05,-3.749350435100496e-05,-1.2118270064083845,-2.1722887920195717
7145.0084541,baseline_start,22.951497009809373,26.887395179838677,4.209564646112085,-1.7878516357534977,-3.20946119245491e-05,-3.20946119245491e-05,-15.25251038548231,-33.14615781676957
7145.407568899999,baseline_start,14.190854835621394,6.9854838146648035,14.540843012628102,16.256706377633293,-3.528745401126798e-05,-3.528745401126798e-05,1.3729496321843726,-16.51961030709299
7145.7965322,baseline_start,23.98683697151182,12.91767245028268,13.612347046499053,7.835417931106861,-3.464544170128647e-05,-3.464544170128647e-05,-0.8158563554547982,43.59726191688287
7146.199115699999,baseline_start,-14.344993533666639,-15.10569739718494,-34.536231884457266,-31.98945019855995,-3.30984812535462e-05,-3.30984812535462e-05,-18.64015052474224,22.979392880999512
7146.570391099999,baseline_start,24.797675158490165,10.26494979257859,11.28378855251458,9.488720551549306,-3.36571283696685e-05,-3.36571283696685e-05,7.0250808849423265,49.63935133471705
7146.992989499999,baseline_start,-5.688999357816101,-8.752361060603562,7.131816880230417,-1.8497757217666617,-3.5306691643199883e-05,-3.5306691643199883e-05,12.907402844859917,-9.654169288272442
7147.381716799999,baseline_start,-15.296745220298362,0.5324290160888268,10.235249028406997,7.671212314164677,-3.465921781753423e-05,-3.465921781753423e-05,17.032231946569937,9.590569663847418
7147.764322899999,baseline_start,-1.7568758818638344,-16.2098288620914,-18.59293234638335,-19.134498416913914,-3.4351269277976826e-05,-3.4351269277976826e-05,-8.33805760684163,13.556779416767768
7148.185614699999,baseline_start,-9.699974407896661,-14.4078412596009,6.3794263308232075,1.0799760436397037,-3.399909201107221e-05,-3.399909201107221e-05,-10.309300274053385,1.096500030973857
7148.565486399999,baseline_start,13.976378490915067,17.722579060355656,21.87462168571301,25.086332691293535,-3.633948108472396e-05,-3.633948108472396e-05,6.03849751417556,-13.127868671987471
7148.9609169,baseline_start,5.3600830258287715,3.5584939354926064,-5.608575115759777,-5.838440290628796,-3.160741562169278e-05,-3.160741562169278e-05,3.2542027529680126,-17.0230435758167
7149.3359942,baseline_start,12.563271692622948,7.7497360391021175,9.014461548798863,12.633205077349203,-3.4295101613679435e-05,-3.4295101613679435e-05,3.504245440763043,12.2079202163859
7149.714898,baseline_start,5.18249205822849,-6.541048329445857,-11.607966332706383,-14.263785762963721,-3.330860727146501e-05,-3.330860727146501e-05,-28.611016652224862,-2.4081108529348967
7150.1253305,baseline_start,8.475871786524749,8.531586179213718,3.3837278977807728,1.6588128453603872,-3.480878149275668e-05,-3.480878149275668e-05,0.45916244257159633,35.985474768794575
7150.5126691,baseline_start,57.47738067666796,72.48491568667714,38.51886434916605,29.088783756427063,-3.6688154978037346e-05,-3.6688154978037346e-05,-5.286963683710837,-2.5413624903058007
7150.9133254,baseline_start,-30.24666095460725,-34.135954794366626,-29.453146782057047,-18.22150391752109,-3.595071393647231e-05,-3.595071393647231e-05,-10.752224323809969,34.303425979262556
7151.2745399,baseline_start,1.3365889943070215,0.9225951602470559,0.5532993123247252,-3.6189905387499266,-3.408673910598736e-05,-3.408673910598736e-05,-7.268403922016205,-1.4390912055919216
7151.6856111,baseline_start,-4.494912940442191,4.9754796466995685,3.282800613371819,10.61183037976673,-3.52039469362353e-05,-3.52039469362353e-05,14.207844254342945,-6.9156163412012575
7152.081947999999,baseline_start,-15.607408752918218,-1.7940405816575549,-23.065235154156653,-18.250184677616744,-3.432859557506163e-05,-3.432859557506163e-05,-34.1606392901017,-8.720600541527347
7152.446881999999,baseline_start,12.110793909601398,11.047040929859577,22.614358802398783,13.358720297693992,-3.242847560613882e-05,-3.242847560613882e-05,20.475517246815343,32.31960061938389
7152.8108176999995,baseline_start,1.2347672909654648,15.986544791705,19.621646577599677,22.28420888956083,-3.3837191040220205e-05,-3.3837191040220205e-05,15.716746123372104,-35.38694719405066
7153.1530421,baseline_start,-86.80625079912124,-93.27420586523931,-47.538145047238686,-42.04270398904828,-3.690715675475076e-05,-3.690715675475076e-05,-17.973060427861583,7.787725012392912
7153.554302699999,baseline_start,-14.808313438982168,-11.899485226851539,-5.245929817886008,-2.180896410449975,-3.8011504329915624e-05,-3.8011504329915624e-05,17.498340067336358,9.227305295634324
7153.9584393,baseline_start,-18.505905527169944,-5.913801868811788,-6.547259525471418,-14.69435738566591,-3.494487646094058e-05,-3.494487646094058e-05,-44.697464235672214,-69.0233002211653
7154.3250907,baseline_start,1.7273660988457777,3.5400357903931763,4.692347564373904,14.387700337252,-3.4638210308912676e-05,-3.4638210308912676e-05,8.664586221296759,-28.152836390548146
7154.7341080999995,baseline_start,-16.237691114756217,0.26867728704428373,-2.2537514332429964,1.0273874822839844,-3.649769041658146e-05,-3.649769041658146e-05,0.1369929106526797,-53.52891274881631
7155.1187549,baseline_start,12.321894791935392,-3.616059539154776,8.281511834150479,4.353460726018511,-3.493595795589499e-05,-3.493595795589499e-05,-2.4782497518008313,3.5562237842163995
7155.5458346,baseline_start,52.425735469063056,64.86505861116893,27.660794941472886,27.813213639416233,-3.425521481403848e-05,-3.425521481403848e-05,4.9800129374471,-20.550731584044115
7155.922270399999,baseline_start,-24.278756552359027,-35.396273296646996,-18.82816309308282,-28.641716525382947,-3.4903168852906674e-05,-3.4903168852906674e-05,-13.944889831694582,8.140683723240727
7156.3100632,baseline_start,26.735692871288848,40.52899630519596,27.311781003058513,32.85838096720721,-3.4112990761059336e-05,-3.4112990761059336e-05,16.036919577567915,10.574170461046833
7156.6908738,baseline_start,-9.425684315493072,2.513988753212743,9.49255079265231,6.056761747257497,-3.572249534045113e-05,-3.572249534045113e-05,4.562313212040863,-26.2680768514424
7157.0663085,baseline_start,-17.608694079583984,-9.468766024098386,-14.74278129323693,-14.566461408331975,-3.603573713917285e-05,-3.603573713917285e-05,-11.56827179191123,-32.319436157371
7157.4585805,baseline_start,-2.5113894328569586,-15.57191189836476,-16.42688000471435,-6.022723081455638,-3.597371051000664e-05,-3.597371051000664e-05,0.004611003987065487,49.66855179237018
7157.8674261999995,baseline_start,15.500679822173424,22.773621462252322,5.875079290571648,6.3856616010072,-3.140240823995555e-05,-3.140240823995555e-05,15.596417964321518,57.0374469099238
7158.2674717,baseline_start,0.528408321355073,-6.542116020306366,-11.91337666844538,-10.715082296528237,-3.324605313537177e-05,-3.324605313537177e-05,-12.435915235641005,32.22229843217929
7158.632956499999,baseline_start,-78.29726011957746,-91.49952511751599,-44.128267810008765,-38.85072271116775,-3.50127056663041e-05,-3.50127056663041e-05,-18.26352056552514,34.92163122053171
7159.027349699999,baseline_start,-12.111192394213504,-19.809961080469293,-4.774930392279657,-1.5316648486053168,-3.330523395561613e-05,-3.330523395561613e-05,14.41156561296566,5.064859189194976
7159.445481199999,baseline_start,-19.860798416605576,-5.995498103357477,-19.241600303764244,-9.36202316360243,-3.0038186196179595e-05,-3.0038186196179595e-05,-24.37975339823288,-73.00894410071442
7159.8342496,baseline_start,-26.556250724020174,-15.200422185589105,-11.252394969483248,-8.59919640094472,-3.364328404131811e-05,-3.364328404131811e-05,-24.204102768433586,-39.83052200220436
7160.194868,baseline_start,-29.190369065148843,-24.778853711348802,-16.32179920906401,-11.71019973491309,-3.4894454074674286e-05,-3.4894454074674286e-05,-7.325343494855588,12.903263471926493
7160.590235199999,baseline_start,2.9276512843230194,16.98930078821786,4.055481893841716,3.2544498320751245,-3.3908553632500116e-05,-3.3908553632500116e-05,-14.911776203094178,-28.391348132199255
7161.0079287,baseline_start,-16.520425468560916,-9.437237727795036,-11.947143057928315,-13.355113099658013,-3.333019139972748e-05,-3.333019139972748e-05,-32.018026093712706,-18.993667394120166
7161.395635499999,baseline_start,-17.655026590712623,-20.678112050437903,-17.503022020258413,-30.541864141936514,-3.4617844903550576e-05,-3.4617844903550576e-05,-39.521742043861195,-22.459669073511577
7161.8105878,baseline_start,3.9755071029508144,-10.551280936949752,-15.74206235616748,-12.96511394949465,-3.3983157663897146e-05,-3.3983157663897146e-05,3.184197582004799,27.538947617941176
7162.2068057999995,baseline_start,13.170397752880035,15.941079558272577,24.111797083209694,27.94944862004911,-3.281458248238778e-05,-3.281458248238778e-05,26.074810021369558,20.881010304608026
7162.600729999999,baseline_start,-9.67832817137969,7.518236390946186,1.4763811611069286,-3.250782300152707,-3.5872873922926374e-05,-3.5872873922926374e-05,2.6985456577563127,-21.316565925185387
7162.997190399999,baseline_start,-3.8533068686729166,-17.933794802559078,0.0827243932408237,-2.959475499139387,-3.480962914181873e-05,-3.480962914181873e-05,9.945409156855021,8.49351116912294
7163.368825799999,baseline_start,43.73087103667922,53.315926144270634,19.31398129943136,25.513104895523952,-3.466032376309158e-05,-3.466032376309158e-05,25.662953701649712,-6.35290966696175
7163.761333099999,baseline_start,-15.037464321813786,-14.511447974327893,-21.547215057346875,-13.314001116849226,-3.580134580261074e-05,-3.580134580261074e-05,-12.44773790655745,-13.96920036977508
7164.157449599999,baseline_start,16.963945734796198,12.637098431111554,-5.599542557749828,-13.895567347036035,-3.5017960726690944e-05,-3.5017960726690944e-05,2.2237683959256174,41.70302483964315
7164.556586799999,baseline_start,20.56431848584316,-7.31325634207451,-31.466352874179393,-37.4477091195069,-3.700879278767388e-05,-3.700879278767388e-05,-14.445295783325037,32.317686662796405
7164.964459299999,baseline_start,-21.412826114426935,-18.934994334699695,-12.781204785095724,-23.076885026631714,-3.524341900629224e-05,-3.524341900629224e-05,-9.598687395284287,41.65917429517549
7165.3655253,baseline_start,29.832800214063354,20.453348323000682,12.164403247482369,2.242810867548144,-3.260940411564661e-05,-3.260940411564661e-05,0.10931329195955186,4.501657329442878
7165.7320052,baseline_start,-3.0608720122954765,-9.752775131990802,2.7728151536443875,-3.2823403603870815,-3.321296753711067e-05,-3.321296753711067e-05,4.064993071389381,28.512436379417977
7166.0823574999995,baseline_start,-16.237125813774128,-1.3284651964122531,-3.844103449913291,-6.53736629767576,-3.3641536901996005e-05,-3.3641536901996005e-05,4.034244648648837,-10.306233530912777
7166.5073151,baseline_start,-25.522876830029873,-14.945224228634288,-16.357710677923478,-17.861956769925484,-3.396064948901767e-05,-3.396064948901767e-05,-15.732161057912435,14.63104719682542
7166.872341899999,baseline_start,8.050090986012947,-1.9110861045160163,-0.5033809444080362,-2.0589751695040377,-3.392994585738052e-05,-3.392994585738052e-05,6.532734429413267,33.93096347388564
7167.251646399999,baseline_start,3.146609821990751,-3.1052654102504675,-6.072221107564019,-6.241620166893995,-3.2415315217804164e-05,-3.2415315217804164e-05,-10.80622759013886,39.11898250548893
7167.645417299999,baseline_start,13.087638134062217,20.616666362976048,24.2056085312297,18.156813716815975,-3.6168336919217836e-05,-3.6168336919217836e-05,17.846010584552005,2.258132552167808
7168.030381099999,baseline_start,-44.926046501225755,-40.72685718474486,-8.439049861907733,-6.555420933335711,-3.380534235475352e-05,-3.380534235475352e-05,9.373812230274325,-20.989675938146775
7168.397755499999,baseline_start,25.06829106924033,18.302182069902756,-4.2327928880063155,-0.8874715139289151,-3.2898757126531564e-05,-3.2898757126531564e-05,-19.554273722577364,58.955182449446056
7168.796640499999,baseline_start,2.83550310178407,6.492372778872777,18.402306919918374,11.817976115847898,-3.441254466451937e-05,-3.441254466451937e-05,12.683664122091614,17.381030103948433
7169.220471399999,baseline_start,3.6425098075633286,16.692992648437667,10.764901684808137,26.511359184817366,-3.364366693858756e-05,-3.364366693858756e-05,23.32745657950818,-31.656682738263044
7169.5982961,baseline_start,16.268518481334922,20.579675580027015,21.657435024435472,23.42161827603104,-3.359086258569732e-05,-3.359086258569732e-05,7.082392417069059,-9.279549354757364
7169.992210599999,baseline_start,-1.202906345705287,-22.742468594179172,-24.990292319886066,-23.920036146906227,-3.649395421234658e-05,-3.649395421234658e-05,-22.802616431737533,-17.67251848559772
7170.3861889,baseline_start,-0.6360424330014212,-8.104136941498382,-14.895254814738564,-13.178975005905329,-3.641983312263619e-05,-3.641983312263619e-05,-4.161964401580917,-1.0446991657690887
7170.8200239,baseline_start,2.4765188739970654,-3.569620485260657,-0.769235378029407,0.3649348492343165,-3.5020766517845914e-05,-3.5020766517845914e-05,-3.906243373606685,-9.26090519203899
7171.2115896,baseline_start,-11.421872345570137,-14.014426626572458,-10.813893459758674,-22.95102647960897,-3.641031071310863e-05,-3.641031071310863e-05,-21.043930056092904,13.983339441791031
7171.567578599999,baseline_start,19.1459721522574,18.30673607063227,19.786724980581766,24.621692130227416,-3.47408722518594e-05,-3.47408722518594e-05,21.588489199354626,6.986914226791214
7171.97384,baseline_start,12.819623394850169,5.79154551518468,6.777072289858552,9.92549964130103,-3.4890314054791816e-05,-3.4890314054791816e-05,6.157738353150762,-45.732482045952565
7172.3739648,baseline_start,-10.976287594298356,-10.069663719237724,-3.6582662686951153,-8.034961936063837,-3.508776990202023e-05,-3.508776990202023e-05,-2.727795115768913,19.03698935675584
7172.7822811999995,baseline_start,-28.147834917309865,-32.446320199211186,-36.14849895720272,-35.55338747806809,-3.36846251229872e-05,-3.36846251229872e-05,-20.006282567835115,-22.70286099279201
7173.2040006,baseline_start,-13.965858958283661,-34.279482606922556,-18.432720741492176,-13.34713514355252,-3.41964350809576e-05,-3.41964350809576e-05,3.043358429368709,43.7088650272226
7173.542387699999,baseline_start,-2.3449076554793464,2.2545454027426786,-11.103726559175811,-10.903209197353476,-3.542779177223565e-05,-3.542779177223565e-05,0.9770060014761839,33.35761067596923
7173.9017753,baseline_start,-25.57218088890704,-32.298133545347355,-11.301373441776377,-0.05992666540771552,-3.44621630574693e-05,-3.44621630574693e-05,-3.214221849189471,-8.700629955419572
7174.2832468,baseline_start,-36.93667914892649,-34.230015918610206,-17.709236568720826,-12.7497307204967,-3.517763616400771e-05,-3.517763616400771e-05,-11.780126424992432,-10.64190719710814
7174.8767525,baseline_start,0.6284116196329705,-3.2680252588979783,-5.72710952227726,0.2927283235156892,-3.5852047403750475e-05,-3.5852047403750475e-05,0.36189604813944243,-30.96403662503826
7175.4280994,baseline_start,7.068662339797356,7.085171594200801,13.48521123385126,11.205932674484586,-3.660906531877117e-05,-3.660906531877117e-05,2.667939375704009,24.18767399679564
7175.5934387,baseline_start,6.486859892258963,-19.085059209292467,-30.528204818213908,-25.361274863948665,-3.6022343920194544e-05,-3.6022343920194544e-05,-24.797901668576287,47.056371484351075
7175.7809214,baseline_start,-9.429196503420371,-15.861826843923609,-18.636703750183187,-16.099086276837056,-3.532671144057531e-05,-3.532671144057531e-05,-16.66105545260507,27.423722770738095
7176.054679499999,baseline_start,33.84913057423773,13.902603737230493,4.845353996819995,-0.6657410756888567,-3.364843541930895e-05,-3.364843541930895e-05,5.2771116453377545,70.04838843766584
7176.463489399999,baseline_start,-17.941802007932893,-22.072304979852106,-22.13461411856497,-12.007584559569352,-3.3998142498603556e-05,-3.3998142498603556e-05,-15.184509029983019,7.318567827923744
7176.876117399999,baseline_start,5.171892330425635,12.000718585522918,-4.951068167388712,-12.907237598383404,-3.354285945533775e-05,-3.354285945533775e-05,-22.61833081222585,17.076428011584085
7177.299358799999,baseline_start,-8.166621406352078,-16.103276662352982,-9.360797429728791,-19.781279199515836,-3.5473014577291906e-05,-3.5473014577291906e-05,-5.142899774215493,35.142411603872915
7177.6586244,baseline_start,-18.145140218293818,-14.766241895366875,-11.239627725391983,-21.560520892447244,-3.630146875366336e-05,-3.630146875366336e-05,-7.933922526507558,-13.901906640442576
7178.0087807,baseline_start,62.73193198252102,70.31393262820939,28.99147411937838,13.215651006923906,-3.3940743378479965e-05,-3.3940743378479965e-05,-19.707479585630153,5.8603589710496635
7178.3915055,baseline_start,3.0893871464600124,-16.427499914210784,12.420178999102973,12.873520695601655,-3.6053282201464754e-05,-3.6053282201464754e-05,23.172429744382953,19.34008762336589
7178.781636799999,baseline_start,-10.158723024078427,18.136777233219163,2.0881259125235374,3.7965347563270484,-3.5780653888650704e-05,-3.5780653888650704e-05,-6.500197245083655,-48.32680664104828
7179.1746206,baseline_start,1.5215345337569488,-15.284869111344051,-17.475218504065197,-20.133321132775734,-3.7860285374335945e-05,-3.7860285374335945e-05,-11.368170521980574,24.935176875311754
7179.5276735,baseline_start,6.532277300078931,7.626215855645569,2.5478756062166212,4.94056810420733,-3.770946022996213e-05,-3.770946022996213e-05,1.340104155442532,12.594036496725948
7179.8888726,baseline_start,25.032133617306044,22.00955131546698,9.693164936165886,17.566049414851705,-3.296438353572739e-05,-3.296438353572739e-05,4.630499612047515,-8.826203511499898
7180.271418599999,baseline_start,62.0476130527577,58.2581809918006,15.843097747094816,16.472278559524398,-3.6045445085619576e-05,-3.6045445085619576e-05,-0.640444557068804,62.47445412019988
7180.6278298,baseline_start,-44.90742004748745,-42.53254474491814,-11.10463137602028,-10.312244744784266,-3.571911202016054e-05,-3.571911202016054e-05,11.987446746717069,-49.07700968553627
7181.0238979999995,baseline_start,48.19804189423212,66.91755778688503,35.099955890302226,19.637215435636335,-3.3929078199435025e-05,-3.3929078199435025e-05,-10.563764772844934,-37.87662746815022
7181.3764807,baseline_start,-25.3368103043872,-23.959484369655,1.5871533882441327,3.5736769921108476,-3.724263206095202e-05,-3.724263206095202e-05,8.955804543029899,-0.5588870134038189
7181.7575855,baseline_start,13.877997292676355,16.66394836828931,20.019801070060566,19.782284739279078,-3.371439015609212e-05,-3.371439015609212e-05,26.194791280633126,18.204483692656595
7182.105317199999,baseline_start,24.03102859556975,23.049217345005673,4.92439988101205,2.6204693448617036,-3.185051718901377e-05,-3.185051718901377e-05,-5.796979387917872,22.726710040928083
7182.457660399999,baseline_start,-48.30976969571793,-33.903578316017956,-3.0099041946800753,-4.266737355383498,-3.372323953954037e-05,-3.372323953954037e-05,-2.6895800684742426,-88.59883985171018
7182.8880177,baseline_start,5.500625366626991,17.613861370895393,22.628453208351402,29.371284455633372,-3.596003807615489e-05,-3.596003807615489e-05,15.8611024068814,-21.60354445905932
7183.253682199999,baseline_start,-21.79745776442678,-12.100131945870544,-0.7300114670470066,-7.887609175211367,-3.613545504776994e-05,-3.613545504776994e-05,5.716652589822843,-29.103166684281405
7183.6448942,baseline_start,55.93319312019912,54.009174377509225,23.99056208432603,17.830476986675365,-3.506504162942292e-05,-3.506504162942292e-05,5.9415114116136465,1.563625364937252
7183.999267699999,baseline_start,-9.306718238959547,-19.71423810786473,-15.816988830013543,-20.099107704879145,-3.402174570510397e-05,-3.402174570510397e-05,-4.482921612818245,47.17907219760491
7184.394350799999,baseline_start,50.03922366003644,30.66890110602344,25.96305607156455,20.6448320639866,-3.649141854111804e-05,-3.649141854111804e-05,7.927409282918688,47.12261327218948
7184.8214412,baseline_start,22.026812093163244,51.47496179259906,22.35698194935776,14.706531464839998,-3.2556655241933186e-05,-3.2556655241933186e-05,7.051882701448449,-56.51203095601841
7185.210890599999,baseline_start,-24.765434858015396,-24.07439493044467,-3.531857777357345,-2.9436229174189634,-3.54580834027729e-05,-3.54580834027729e-05,-10.360310291704991,-31.594234950140162
7185.5537681999995,baseline_start,5.075788247483615,4.903889515284391,-7.399693095477232,-3.769205906386617,-3.383864077477483e-05,-3.383864077477483e-05,-2.1316475141443334,6.534388291558571
7185.928558,baseline_start,-6.644972159047484,-2.050388433569424,7.2334531424749,0.7050898368631806,-3.4550632335594855e-05,-3.4550632335594855e-05,7.8461159115036025,1.1769014884080207
7186.317199499999,baseline_start,1.310747252782221,16.432418324348873,17.042956782376223,13.346653507867984,-3.696120529639302e-05,-3.696120529639302e-05,18.974970663191016,1.2994596244238892
7186.680344599999,baseline_start,4.772861429601562,-9.63245316058783,-6.735167774600086,-0.8303769450723166,-3.398057287995471e-05,-3.398057287995471e-05,-8.692937659906875,-24.14631672887981
7187.027298399999,baseline_start,6.4111595412023235,8.626992239391711,16.13568009943083,14.343940195520759,-3.403313712624367e-05,-3.403313712624367e-05,17.042295255550926,34.79067714578514
7187.430120699999,baseline_start,-14.275182259058965,12.102808023566467,17.46378645052164,17.909459005296185,-3.5836735150951426e-05,-3.5836735150951426e-05,7.730355440713538,-41.08815122476926
7187.8283814999995,baseline_start,-33.04825570574394,-20.30185192581257,-16.990465298731124,-12.565278724803647,-3.416097752051428e-05,-3.416097752051428e-05,-0.3666048999425584,-23.337144715711474
7188.228550999999,baseline_eyes_closed,0.4562358114558265,-13.574478691047261,-13.46163966229733,-1.1948994639309944,-3.518672747304663e-05,-3.518672747304663e-05,-2.5230202620373348,32.46757295639554
7188.6312978,baseline_eyes_closed,4.986534845929782,-22.71182814337726,-7.030165618870797,-15.315314178574965,-3.504037977108965e-05,-3.504037977108965e-05,-28.650296911055193,7.192444768897531
7189.0496508,baseline_eyes_closed,46.44848823101984,51.79170965479625,13.2562058194967,7.8199095223907875,-3.232459675928112e-05,-3.232459675928112e-05,-2.6582492078746327,11.040699372998006
7189.4265169,baseline_eyes_closed,-37.97814260251516,23.03118169457366,-22.207162636287194,-11.45278801922126,-3.4882105865108315e-05,-3.4882105865108315e-05,-13.29207935741806,-6.833674260890348
7189.8198446,baseline_eyes_closed,56.075503132081394,-52.88514609259846,52.547334689895706,28.391127649556665,-3.259192726545734e-05,-3.259192726545734e-05,16.960974528754377,-25.77388664846694
7190.1713616,baseline_eyes_closed,-7.947114636558126,71.19758980582219,16.160048169696438,39.08482339999233,-3.4689427593548317e-05,-3.4689427593548317e-05,27.83597527032498,-17.060700992405145
7190.543989299999,baseline_eyes_closed,-12.678595099433096,-60.621724747301414,0.9267016024573422,-17.699596690561407,-3.5422921428107657e-05,-3.5422921428107657e-05,8.35988070393887,-16.37214056496896
7190.9453622,baseline_eyes_closed,-31.031258733629784,-25.583034026382848,-31.452518675275314,-33.11783225196052,-3.2480706977366935e-05,-3.2480706977366935e-05,-30.149485408876444,-2.297717189498144
7191.368572599999,baseline_eyes_closed,-7.6002829285403095,-23.479396866782736,-35.38849153493766,-33.678538690086214,-3.425021714065224e-05,-3.425021714065224e-05,-36.71580887404298,65.18459052004573
7191.7387161,baseline_eyes_closed,6.442925348113931,10.029247504346586,0.5480829852604074,1.3179385450931704,-3.377507528057322e-05,-3.377507528057322e-05,16.81836801127747,19.141858681527083
7192.1290045999995,baseline_eyes_closed,19.50521661672974,17.126584659473338,16.129946338489844,18.713402668674576,-3.497296438581543e-05,-3.497296438581543e-05,17.10920712006555,-12.783063249086354
7192.528174399999,baseline_eyes_closed,-25.97105278305071,22.099498187065365,25.152777083345427,38.50737675971823,-3.454887428233633e-05,-3.454887428233633e-05,15.40371858141998,-108.19001286930961
7192.949503299999,baseline_eyes_closed,-13.160313814802066,-11.494063297235243,2.5262126281259043,5.0182118718636275,-3.493013355182484e-05,-3.493013355182484e-05,-4.154624210107158,-39.20433241364617
7193.330689899999,baseline_eyes_closed,-2.5355792127934365,-18.26956751953321,-17.43760455968186,-23.496290697855557,-3.618110895331483e-05,-3.618110895331483e-05,-14.971125039627623,27.957284264730333
7193.705385099999,baseline_eyes_closed,17.2999330557991,28.96524937910499,27.420973876665812,27.488520973001755,-3.445340371399652e-05,-3.445340371399652e-05,24.354800147149945,-4.480983606040809
7194.087836699999,baseline_eyes_closed,49.78283783860343,66.21577191129472,82.71307797436157,88.32639325762028,-3.2291362003888935e-05,-3.2291362003888935e-05,74.2829342720197,-29.656502468479175
7194.455316499999,baseline_eyes_closed,-54.463218997818785,-90.19670506364173,-84.12368279504972,-90.63244778811844,-3.311637010483537e-05,-3.311637010483537e-05,-73.93193900996175,31.22022404357267
7194.858740299999,baseline_eyes_closed,22.920971238597758,36.73726118388504,31.79211008387938,36.02814996673186,-3.3755123695300426e-05,-3.3755123695300426e-05,43.070749351436916,5.217659094409555
7195.217760799999,baseline_eyes_closed,2.139742874117019,-16.211171884321175,-23.968711571008043,-29.35039401417805,-3.463470420683734e-05,-3.463470420683734e-05,-30.360194768871224,37.9032998834864
7195.617787499999,baseline_eyes_closed,-0.583815374842743,-26.391784712117442,9.816416213929642,17.838301821921107,-3.579034182621399e-05,-3.579034182621399e-05,7.7666936827076825,-30.787262490406647
7196.027467399999,baseline_eyes_closed,-23.575843473052828,-20.045949988911616,-23.518754150684344,-27.135419174279548,-3.375774758751504e-05,-3.375774758751504e-05,-3.823597885875188,0.7795605483456711
7196.4073616,baseline_eyes_closed,-3.8896823649333783,-10.43913941611936,-11.588666586708314,-12.971385731215832,-3.681024463730864e-05,-3.681024463730864e-05,-1.7526997562231372,-2.5537598089986204
7196.793557499999,baseline_eyes_closed,-0.9621439644570273,-7.611968962256924,3.9241566521041022,1.117918635975002,-3.430682136240648e-05,-3.430682136240648e-05,-2.8144996032983727,3.707611422811624
7197.181239,baseline_eyes_closed,-0.2871907211724647,2.248355427358092,0.5493048249859385,-5.8583761195604325,-3.210778595530428e-05,-3.210778595530428e-05,4.474444816089999,-2.5018583005871733
7197.5382561999995,baseline_eyes_closed,5.782893857533054,11.677255354337376,16.993847936223574,19.055949704227032,-3.2938884032773785e-05,-3.2938884032773785e-05,9.35404293381771,-10.169308599498436
7197.9289524,baseline_eyes_closed,-1.7924717411929123,-2.787310088993763,-2.5667211041213704,-7.590698370604116,-3.3836986403912306e-05,-3.3836986403912306e-05,-12.07964915237244,-19.02954175229752
7198.324285999999,baseline_eyes_closed,4.525456637790285,10.969407298146507,6.027767833475991,12.204605294850182,-3.371685124875512e-05,-3.371685124875512e-05,-2.8676959519484626,-14.595427265728176
7198.740709199999,baseline_eyes_closed,-6.660115544832024,-14.98694016592799,-14.983404233413694,-14.0160868042949,-3.531928450684063e-05,-3.531928450684063e-05,-40.25423293609492,-18.291028678740076
7199.0918341,baseline_eyes_closed,12.41584136909296,14.98536976974674,3.178070793630468,2.775499078841733,-3.550647306838073e-05,-3.550647306838073e-05,26.73744283705355,49.32439251285405
7199.501746399999,baseline_eyes_closed,-1.497854205407748,1.3482523687530374,-4.956101448326081,3.606821750260906,-3.5297972317493986e-05,-3.5297972317493986e-05,-14.747634006404951,7.999018860610249
7199.888052699999,baseline_eyes_closed,-3.937295538411945,21.276194714800113,1.2492228441296902,5.345777444044018,-3.42955445375992e-05,-3.42955445375992e-05,18.543340290152628,-0.9234616028729761
7200.278278299999,baseline_eyes_closed,-1.1384077816296667,-29.953463538884535,12.28106939199597,1.9628309418811227,-3.21346251439536e-05,-3.21346251439536e-05,7.179659430050833,-11.864268995666407
7200.6960518,baseline_eyes_closed,-11.958750308550862,25.857960784343504,-9.681145700422803,-0.8834993540936011,-3.301310698589077e-05,-3.301310698589077e-05,-3.4492059106046327,-7.292186381752799
7201.0598054,baseline_eyes_closed,-9.274633409846047,-6.244438210518638,-10.569933217260768,-5.071290470586973,-3.470021147222724e-05,-3.470021147222724e-05,16.035620834317797,18.876320060424405
7201.4614421999995,baseline_eyes_closed,-11.277466297610772,-14.929944292502114,-2.7413016796945158,-4.442272101328115,-3.275382096035173e-05,-3.275382096035173e-05,0.854571490647686,-9.084140198148361
7201.839124699999,baseline_eyes_closed,8.019313126641919,8.9925699466894,11.103780135701072,13.640790708206623,-3.397927048354177e-05,-3.397927048354177e-05,8.201409455512476,14.948151413420419
7202.197770599999,baseline_eyes_closed,-2.904991673562108,-7.159724131105577,-8.484832138407,-1.0882290847457625,-3.595240468712291e-05,-3.595240468712291e-05,-2.074185394784763,-0.2061453658939172
7202.613032199999,baseline_eyes_closed,-2.0119134203828253,2.98861161893592,2.0467081198703454,-3.78777549506151,-3.509746329655172e-05,-3.509746329655172e-05,4.323463426519083,-22.297880325923416
7203.0085493999995,baseline_eyes_closed,27.061124396743708,33.454673286995785,19.026067006313497,13.471002906494334,-3.580353495635791e-05,-3.580353495635791e-05,6.635270347334426,-9.279160261885863
7203.3999698,baseline_eyes_closed,-18.745895169167852,-27.965474806925158,-11.814542623412308,-14.273142676697148,-3.684147031890461e-05,-3.684147031890461e-05,-11.148981295877547,-9.756019056767855
7203.796296199999,baseline_eyes_closed,5.056511454596148,0.4292419064659043,6.468708529036576,2.920703622051576,-3.255740284657804e-05,-3.255740284657804e-05,10.729197152940742,12.095180921716747
7204.1687745,baseline_eyes_closed,-10.504983458420156,-5.311645313120152,-9.14274506135871,-14.085397367121686,-3.320515952509595e-05,-3.320515952509595e-05,-2.7462350187588527,-31.385460001075444
7204.552580799999,baseline_eyes_closed,11.642510972231321,3.142693177822366,15.174228393161684,11.154905490298745,-3.616085996327456e-05,-3.616085996327456e-05,-6.429208656286846,2.568886031630427
7204.9582075,baseline_eyes_closed,-12.501158672187557,-15.709301603386848,-14.148378778316328,-10.570139547471626,-3.582562658266397e-05,-3.582562658266397e-05,2.1199246025062166,16.06413723650485
7205.3102057999995,baseline_eyes_closed,8.824060428513803,-4.300880841198705,-6.573300876465964,-9.41900921286009,-3.361105609656079e-05,-3.361105609656079e-05,-7.089093035843689,18.928512929330736
7205.7321905,baseline_eyes_closed,5.149727293460728,6.210057619199688,5.114549191617243,3.048609134223625,-3.4973649235325865e-05,-3.4973649235325865e-05,-7.594156270407439,-15.956975629512726
7206.135619299999,baseline_eyes_closed,-6.670317508423523,-2.3769018230304937,-8.19668049985603,-9.36712526334395,-3.700387333083199e-05,-3.700387333083199e-05,-18.989948305763846,-21.03284641792652
7206.5194354,baseline_eyes_closed,9.571282680807144,12.622747019737744,14.77108634659271,16.750478270373605,-3.434838799876161e-05,-3.434838799876161e-05,24.779969779018302,17.99459390675611
7206.8765508999995,baseline_eyes_closed,-0.4981081872820141,-15.56017176761452,-16.82441347722761,-22.334525824850573,-3.648330584837822e-05,-3.648330584837822e-05,-29.16890124687643,-0.766541848869565
7207.269791,baseline_eyes_closed,25.288995701750082,2.580036398293032,3.173709182731727,-2.4296001749017933,-3.612597174651455e-05,-3.612597174651455e-05,-16.953854760361992,27.147856219111873
7207.657980499999,baseline_eyes_closed,-0.03364310629376632,25.561207406839458,23.746736972489998,29.350523334957757,-3.3960257496801205e-05,-3.3960257496801205e-05,19.086311131934053,-33.24024917923043
7208.037826099999,baseline_eyes_closed,-20.175947960961366,-34.45957010015945,-38.20887404700443,-52.82387768756769,-3.216718414478237e-05,-3.216718414478237e-05,-24.20355420012129,29.554491581738148
7208.440219899999,baseline_eyes_closed,7.026737686472643,5.777984659883259,15.968056555748262,19.80593154254882,-3.2628326152917e-05,-3.2628326152917e-05,24.54804504457661,-6.301959322617222
7208.797775299999,baseline_eyes_closed,-1.0451677579212628,3.2470230138192164,-9.98799230711711,-22.537371694733793,-3.2360969271394424e-05,-3.2360969271394424e-05,-32.0798110732876,-13.496383776139282
7209.186522699999,baseline_eyes_closed,-6.817710550549691,-4.492289213444565,-6.341465885660909,-3.49189562694238,-3.455041496636113e-05,-3.455041496636113e-05,-11.612589344117623,-9.302570892971744
7209.5753650999995,baseline_eyes_closed,-9.93956965875168,-8.861896069278828,-2.779184991906277,-9.045098388649365,-3.290533641120419e-05,-3.290533641120419e-05,-14.20205114502096,-25.34621845681977
7209.9607270999995,baseline_eyes_closed,27.4421014880063,38.70716107087628,12.901948919850838,17.728641466974295,-3.36142948071938e-05,-3.36142948071938e-05,20.105068133560962,29.37639320515018
7210.3359289,baseline_eyes_closed,-51.85975200946086,-71.50903679162911,-32.09309008894161,-36.87807780404671,-3.52292390743969e-05,-3.52292390743969e-05,-26.626114591758324,-32.39605191918008
7210.6970526,baseline_eyes_closed,5.458038528890484,6.689058870615099,8.26664992571159,4.64184128143512,-3.4517785934440326e-05,-3.4517785934440326e-05,18.19259248389426,24.708952178927575
7211.0831833,baseline_eyes_closed,30.38707343311853,18.866714858752857,19.022994594623924,15.059001382854774,-3.440468390181195e-05,-3.440468390181195e-05,7.310938461672777,22.371274670883395
7211.4586215,baseline_eyes_closed,-15.98982914211365,-22.69286227486009,-11.027370491168313,-10.616462198934755,-3.091060716542415e-05,-3.091060716542415e-05,-9.770941899973877,-3.5564449231756043
7211.8621389,baseline_eyes_closed,3.1952030520633343,26.7667243139349,2.995553330970324,2.6685998035234775,-3.348729387653293e-05,-3.348729387653293e-05,4.160671644254762,3.1978128888990796
7212.2535811,baseline_eyes_closed,-14.62849653096464,-15.675990564980566,-8.029071763875436,-5.556068390050484,-3.418192954995902e-05,-3.418192954995902e-05,-3.7875001191873707,-10.262510151179413
7212.6575576,baseline_eyes_closed,-28.25942263279603,-19.597533066383676,-4.143396267026674,-12.838655589204052,-3.551751433406025e-05,-3.551751433406025e-05,14.671646234841774,-20.476298887906523
7213.0357275,baseline_eyes_closed,-26.415151713100386,-28.06752753289993,-15.138246376146071,-22.757473843367507,-3.801263483182993e-05,-3.801263483182993e-05,-38.42460937458736,-57.67583010571889
7213.4194345,baseline_eyes_closed,9.82265667236652,16.410396927004967,14.012164261681392,12.24498779875563,-3.570782155293273e-05,-3.570782155293273e-05,-9.575231143467136,-2.296144266365445
7213.811821199999,baseline_eyes_closed,14.908130155961771,8.282213845489423,1.9214983834190207,1.8492685389091434,-3.418640153540764e-05,-3.418640153540764e-05,23.48535265754981,58.990529972552395
7214.1943494,baseline_eyes_closed,29.1874027956419,14.163609942428138,13.427919763327282,22.148221752830977,-3.4320171835133806e-05,-3.4320171835133806e-05,-4.936862259122336,31.35117535376139
7214.535469099999,baseline_eyes_closed,-3.892426025128316,-3.9873808479455874,-16.25204360092812,-18.77289668801285,-3.5467878660710994e-05,-3.5467878660710994e-05,-11.622371553011362,-5.686606280290562
7214.8977798,baseline_eyes_closed,-15.16752420785042,-2.9219008191107605,1.0775540798144903,-5.021610912996209,-3.3910394449776504e-05,-3.3910394449776504e-05,-20.179463631426188,-42.194177639174086
7215.301061699999,baseline_eyes_closed,28.55774674648592,19.438788776802085,10.953250082393879,11.753306323306958,-3.283331443526549e-05,-3.283331443526549e-05,-3.549272208322691,6.247340955330856
7215.693479,baseline_eyes_closed,-14.95226836510301,-18.17754177055076,-13.15052043466676,-23.183191100936767,-3.362841107446002e-05,-3.362841107446002e-05,-21.75115159519555,-22.590975884108047
7216.0960030999995,baseline_eyes_closed,-26.17816787673837,-2.3502226071086625,-2.315245551836597,9.508120930790312,-3.835412826447282e-05,-3.835412826447282e-05,-11.262639630113881,-30.07913090347165
7216.450991199999,baseline_eyes_closed,-9.76430856443585,-1.3187363636329792,1.2394429073742685,-0.15638733093544488,-3.452959663263755e-05,-3.452959663263755e-05,6.68763088648484,-5.044020464498772
7216.854974499999,baseline_eyes_closed,4.637641026956771,4.249907266603259,2.4585128954345237,4.0783608071984645,-3.394119903532555e-05,-3.394119903532555e-05,-0.06279384799654508,7.868252694093371
7217.263823299999,baseline_eyes_closed,-25.4642614565887,-54.032737142897076,-16.26332789427488,-23.956804484974157,-3.478561029623961e-05,-3.478561029623961e-05,-25.06540432025804,-12.48604889072476
7217.634206099999,baseline_eyes_closed,1.5058010611128338,5.74712478939864,3.048572174795936,-0.5350902510984952,-3.419123822823167e-05,-3.419123822823167e-05,-11.35206066442106,24.38088553491434
7218.055360799999,baseline_eyes_closed,-6.406497411598593,-1.917066783590144,1.257831273874217,0.2707312667760675,-3.637255667854333e-05,-3.637255667854333e-05,-7.06701924268873,-2.443276396154488
7218.456720699999,baseline_eyes_closed,-0.2079818566267022,8.099585474628839,10.072978355871328,10.498123536477237,-3.526767613948323e-05,-3.526767613948323e-05,-21.92340719478716,-49.54279935358136
7218.8353896,baseline_eyes_closed,38.9700566407455,49.7389282639424,19.154531453122217,15.660348206061656,-3.66051299351966e-05,-3.66051299351966e-05,16.699791906810788,3.098088677124906
7219.2520917,baseline_eyes_closed,-22.05073860323455,-18.155942556012178,-4.200049866187328,-5.524856538709059,-3.76133602912887e-05,-3.76133602912887e-05,9.60988730631243,-3.030091985728177
7219.6436944,baseline_eyes_closed,-2.0343574745397746,-7.652862422251474,-9.208293490957658,-18.172136524735947,-3.447404014877975e-05,-3.447404014877975e-05,-17.37152547786127,2.1070421989338683
7220.005230899999,baseline_eyes_closed,6.260951923402899,-0.629820220907277,-6.144449990388239,-7.807680221816497,-3.2729342819948215e-05,-3.2729342819948215e-05,7.33845273578163,15.792922300895498
7220.3916997999995,baseline_eyes_closed,4.562355853842746,15.874777959155836,13.02526572151919,23.31810800820017,-3.381541773705976e-05,-3.381541773705976e-05,13.559459891117513,0.2301859505628272
7220.7531862999995,baseline_eyes_closed,-14.421940045889642,-5.88223385625588,6.097426282123706,11.144165068234827,-3.386985736142378e-05,-3.386985736142378e-05,-3.921703034795428,-66.1324760437742
7221.1768151999995,baseline_eyes_closed,16.214184365337132,41.35669744804409,4.40737689733669,15.459024297215649,-3.17923077091109e-05,-3.17923077091109e-05,35.94624336787274,26.815917611609166
7221.545617399999,baseline_eyes_closed,-52.29442166272156,-75.56878962280916,-35.98453766127659,-35.62118181121548,-3.3889983569679316e-05,-3.3889983569679316e-05,-26.624641501361566,24.946334210880195
7221.953004599999,baseline_eyes_closed,-5.970727174280455,7.5354479019533755,-5.753352738973717,-0.43385510898622215,-3.561236644600285e-05,-3.561236644600285e-05,-21.95665369264225,-31.555097295176893
7222.312443399999,baseline_eyes_closed,19.800271971011625,14.102016726362763,9.715689257233407,33.37792398574595,-3.301185006421292e-05,-3.301185006421292e-05,7.088338149087576,18.69594867343949
7222.674683799999,baseline_eyes_closed,-11.24132086103009,-4.8475131772706845,-0.3162811186152794,-14.252069886448965,-3.5055425541941077e-05,-3.5055425541941077e-05,-31.52980685882767,-57.526192210069894
7223.062408499999,baseline_eyes_closed,5.608646206049798,-6.0753470174568065,-8.498814793601468,-1.4588508132196125,-3.353089232405182e-05,-3.353089232405182e-05,-14.788658561354623,24.327206423020016
7223.459980399999,baseline_eyes_closed,3.8103293695990033,-4.573188158201447,-4.948504992274138,-8.05195900232701,-3.240640307922149e-05,-3.240640307922149e-05,-15.10598537536498,-3.4840785680903537
7223.876156699999,baseline_eyes_closed,-6.807892811079455,-11.057163186271282,-5.180103363459239,-8.558613783919952,-3.543160437402548e-05,-3.543160437402548e-05,-14.813263102654219,-7.376848329130553
7224.258612299999,baseline_eyes_closed,13.666439816538514,13.808685006455107,23.185482606809728,25.353539427778742,-3.636226483649807e-05,-3.636226483649807e-05,2.62381248597967,1.6045433953931934
7224.702804799999,baseline_eyes_closed,3.9895979866246307,3.318141349853704,1.5421808268865789,-2.146548504551106,-3.603025106713176e-05,-3.603025106713176e-05,-6.036113508692324,-20.870752416134565
7225.0659089,baseline_eyes_closed,3.162949857127387,-1.4375930389101086,23.34370193657969,26.526138974816547,-3.447616018092958e-05,-3.447616018092958e-05,42.309146453892936,1.762023886746647
7225.4265059,baseline_eyes_closed,19.847979269231473,25.480323590485114,-1.377321369613128,0.2800848883935032,-3.546876996551873e-05,-3.546876996551873e-05,-13.004815412472453,18.298481716352853
7225.8070356,baseline_eyes_closed,5.381589693923615,-4.511602964154918,-9.26122543917063,-15.518542049988298,-3.261992424086202e-05,-3.261992424086202e-05,-5.411137238560968,54.24478799801636
7226.2021263999995,baseline_eyes_closed,-15.137779328174929,-16.575465625408015,-2.5527504373922056,-1.8810641836442414,-3.405094776098849e-05,-3.405094776098849e-05,-11.098434761033332,-4.371823177316855
7226.5593926,baseline_eyes_closed,-4.965723922908637,12.176721650963373,0.46285051579025094,-19.62815758747189,-3.3762791645131074e-05,-3.3762791645131074e-05,-20.28671141992845,-62.875969113267274
7226.9635139,baseline_eyes_closed,3.4573940040422713,2.9727028808288196,-5.474881161999292,8.79438975841856,-3.228787136322353e-05,-3.228787136322353e-05,-5.475282379607506,22.49826442557014
7227.3121624,baseline_eyes_closed,-0.8571959238570344,-9.574309196427748,-11.152446114929262,-29.076793440496203,-3.3770979825931136e-05,-3.3770979825931136e-05,-25.99166632980041,-3.558806772801745
7227.6702989,baseline_eyes_closed,19.57031489735209,11.334327281029346,14.267917292661878,16.037001614020994,-3.501974515529582e-05,-3.501974515529582e-05,10.234428199630656,50.53795025950876
7228.027575499999,baseline_eyes_closed,-14.882213622148356,-8.836929770861843,1.910571258697928,9.960638863863664,-3.380366615601815e-05,-3.380366615601815e-05,-1.777113427077893,-37.80381132320235
7228.391298099999,baseline_eyes_closed,-9.444149950342762,-5.029205329134584,-30.848048490353904,-34.23053124068633,-3.1002172363514546e-05,-3.1002172363514546e-05,-5.090330931755943,71.6758682600148
7228.789918099999,baseline_eyes_closed,2.5500411714751863,-11.055867176186439,-4.268181772405114,-11.784548810909087,-3.230395486752968e-05,-3.230395486752968e-05,-12.989453267685803,23.131668562354207
7229.170879599999,baseline_eyes_closed,-29.336573695161405,-16.5476035427032,-21.985487228827424,-21.548130761257255,-3.396480860828888e-05,-3.396480860828888e-05,3.679146200569903,-15.085110987333792
7229.530526699999,baseline_eyes_closed,-5.363289307537343,-3.1469751162458124,-16.777422073706475,-16.266387709477215,-3.4294921533728484e-05,-3.4294921533728484e-05,-26.883755695848777,-8.885322375555461
7229.9464889,baseline_eyes_closed,24.605937600339985,18.078899493533754,2.744631151203066,-0.7196947359523733,-3.553331225703005e-05,-3.553331225703005e-05,-27.176590312456483,35.23771110181224
7230.337451599999,baseline_eyes_closed,8.579039093636311,6.66208639496881,21.391684416240878,17.485443057953773,-3.5702976674656384e-05,-3.5702976674656384e-05,22.031569248111282,6.593528427955334
7230.726506,baseline_eyes_closed,17.81492375241669,16.29658104913733,14.301531024038923,10.850886710189457,-3.319801362522412e-05,-3.319801362522412e-05,-10.261529308886566,24.05317764477695
7231.1306767,baseline_eyes_closed,3.253644565887953,-6.354122127682331,-11.625411786553741,-13.4474723139366,-3.484191438474227e-05,-3.484191438474227e-05,-21.484969670575538,3.8679064775965344
7231.520677099999,baseline_eyes_closed,35.55420358923084,37.72534361977159,21.739273927617887,15.557247111168124,-3.615226705733221e-05,-3.615226705733221e-05,-21.310469744850707,-2.4527772745618677
7231.914019999999,baseline_eyes_closed,-32.80223231910213,-49.406539173919555,-36.00670153766441,-34.799551274158546,-3.584708883863641e-05,-3.584708883863641e-05,-38.702741404792505,21.662275401793977
7232.294792399999,baseline_eyes_closed,-7.677654177155091,-14.660272766234357,14.649264191372822,19.19455459406481,-3.3085388167819474e-05,-3.3085388167819474e-05,17.68186058105266,-34.88946956209611
7232.699841999999,baseline_eyes_closed,3.005050406164628,-6.349225479423694,5.241959513870825,7.625930044558004,-3.5097721593047027e-05,-3.5097721593047027e-05,24.473603088221353,30.20050024843613
7233.077255699999,baseline_eyes_closed,1.9844033485701402,-0.6737554824453582,-13.19295883589757,-12.298995452595818,-3.665907570393756e-05,-3.665907570393756e-05,-29.929043642929173,14.964287159513333
7233.4993014,baseline_eyes_closed,-4.9476590750387,15.537255907176586,0.27100104380906487,4.599767105035085,-3.4203348150185775e-05,-3.4203348150185775e-05,6.22225817005301,-25.04766256862922
7233.8594819,baseline_eyes_closed,8.644882490884811,35.89350998243117,7.963204160203986,14.445359065358844,-3.272870981163578e-05,-3.272870981163578e-05,4.997793297737644,19.231864619048338
7234.259586,baseline_eyes_closed,-8.166488185260732,-16.33632716902366,-24.24887329050398,-27.46544619199244,-3.5078248401987366e-05,-3.5078248401987366e-05,-25.584756075416408,31.09887334113091
7234.6470352,baseline_eyes_closed,46.36183615520895,23.519457255943053,36.37687383144703,31.906575715544136,-3.409461351111531e-05,-3.409461351111531e-05,42.05015523140264,28.77171154370808
7235.0001107,baseline_eyes_closed,-14.614245481287526,34.6576906363498,-25.991393148579846,-27.112172525246365,-3.352397379785543e-05,-3.352397379785543e-05,-27.820560233551987,8.844734366206012
7235.3705979,baseline_eyes_closed,16.386381510689716,-22.315318222266797,-0.6861138819995176,-9.014519824859292,-3.4950820918311365e-05,-3.4950820918311365e-05,-15.072030846539292,40.18684634532201
7235.773192,baseline_eyes_closed,18.73170364552152,45.67249244263485,18.744274409001264,17.37072173985507,-3.537423526722705e-05,-3.537423526722705e-05,3.141261316227883,-23.424690762634327
7236.1594482,baseline_eyes_closed,4.666913800139355,2.1219802175678524,11.134710627167351,12.113808175912936,-3.3566809179319534e-05,-3.3566809179319534e-05,-1.3827491025513154,-18.414864734413186
7236.5457914,baseline_eyes_closed,-19.11673455619939,-28.71135590716949,-19.034097818106147,-20.60255722747354,-3.376468794158427e-05,-3.376468794158427e-05,-30.787574377581223,-1.5038850700284456
7236.9495477,baseline_eyes_closed,-4.0044129620628155,-6.757820475040717,-8.221745725196797,-5.689388212193762,-3.302337609056849e-05,-3.302337609056849e-05,-2.2321449838982517,13.838115867780743
7237.3259818,baseline_eyes_closed,18.21627834546007,38.861251982476915,19.761943848687224,18.662801587397723,-3.4955103728862014e-05,-3.4955103728862014e-05,11.191981849362492,15.116788647115754
7237.7490848,baseline_eyes_closed,-9.125377982779355,-5.9115980348851735,-11.693258156972206,-11.65909239367943,-3.0900577257853e-05,-3.0900577257853e-05,-15.64894422140469,-39.43356523518651
7238.0754504999995,baseline_eyes_closed,-9.530929869321426,-16.61528436557137,-11.698713343142572,-17.38056882616212,-3.469098010100424e-05,-3.469098010100424e-05,11.007279869285867,32.081632644603815
7238.4724507,baseline_eyes_closed,-5.210751633174823,-14.194570004216075,-14.093048860570434,-8.394295833057981,-3.7147967304917984e-05,-3.7147967304917984e-05,9.28092028112269,20.154662027006452
7238.844822499999,baseline_eyes_closed,8.713391011144267,7.588012614139188,1.6681086732105541,6.3099072647150365,-3.594946247176267e-05,-3.594946247176267e-05,0.7415225499789813,-4.53029750602991
7239.227292299999,baseline_eyes_closed,2.504926855244321,13.541039230284696,13.34397297018495,17.37732971940045,-3.5454305361781735e-05,-3.5454305361781735e-05,-4.383743383255933,-27.580026896386244
7239.633507399999,baseline_eyes_closed,-21.69620319714113,-19.865724503034926,-14.072866279530444,-12.959093937890884,-3.7958532630000263e-05,-3.7958532630000263e-05,-20.603696062386007,-59.75678416497158
7240.031271999999,baseline_eyes_closed,17.78091021056025,23.405679725582104,24.263286778364545,26.787601445088512,-3.5487793866195716e-05,-3.5487793866195716e-05,18.878925936312044,-12.074245270051051
7240.426507799999,baseline_eyes_closed,-20.56605981511757,-10.260427340699607,-11.397591789524995,-15.511165171935147,-3.374896004970651e-05,-3.374896004970651e-05,-12.847030539222942,-51.740309989983416
7240.846473299999,baseline_eyes_closed,2.157737081239702,2.0982793128555386,5.560537845695308,2.0021546032453443,-3.555942112143384e-05,-3.555942112143384e-05,-26.31512509184404,-1.6954292862310467
7241.2333417,baseline_eyes_closed,0.9446799065890445,-4.5435190266375685,-13.478901726680306,-11.990992359877453,-3.4657046853681095e-05,-3.4657046853681095e-05,-15.23137127655491,0.648585843553974
7241.6395162,baseline_eyes_closed,22.146842948406174,31.17943437842132,0.8720579873242968,5.325595412962002,-3.602618562581483e-05,-3.602618562581483e-05,14.978745902527862,54.38720490127071
7242.0209528,baseline_eyes_closed,-34.18163700901732,-47.79583168265481,-42.922283252736634,-48.003005325435026,-3.5857807233696803e-05,-3.5857807233696803e-05,-8.85463960924426,41.84750397582866
7242.3773971,baseline_eyes_closed,22.300350017742403,25.202102243925765,13.627492446803444,13.072624592753755,-3.298391766293207e-05,-3.298391766293207e-05,-18.390695237406817,-11.903031217991156
7242.7787198,baseline_eyes_closed,0.5593708973174216,4.015569004570352,26.71922491876876,9.355018674787402,-3.1423875043401495e-05,-3.1423875043401495e-05,13.265947835734096,-37.48990414289392
7243.1998359,baseline_eyes_closed,-19.9928000486957,-2.3958278547875125,-16.56218857035128,-16.813950933108742,-3.619998460635543e-05,-3.619998460635543e-05,-19.763978060517275,-46.878879112387494
7243.6217409,baseline_eyes_closed,4.121802623342774,2.3990730894120134,-10.433101697416078,-12.383026506529745,-3.38048203047947e-05,-3.38048203047947e-05,-25.140706223890447,10.970579888572047
7243.977682999999,baseline_eyes_closed,-7.3722142179085495,-7.996402970627969,-3.5336824207447535,-3.278506469470301,-3.4999041417904664e-05,-3.4999041417904664e-05,-9.95102390038619,9.460818085583469
7244.3767566999995,baseline_eyes_closed,-8.786919815214333,-20.655534622477262,-6.243316857706304,-17.01088806993306,-3.6092039408686105e-05,-3.6092039408686105e-05,-17.52478549058833,4.271622864621349
7244.7680769,baseline_eyes_closed,-3.405889105015831,-19.265718648423444,-21.29895086098668,-30.060392602802153,-3.5012128137168474e-05,-3.5012128137168474e-05,-22.065052126680257,25.869254296811505
7245.151032299999,baseline_eyes_closed,40.69454705875796,49.180608781182855,34.711868135269924,33.145056600836995,-3.714928243425675e-05,-3.714928243425675e-05,24.61785871824941,1.0159177265632025
7245.5353110999995,baseline_eyes_closed,-42.70693778934992,-48.77717450211003,-27.42804888435967,-28.44802378913596,-3.455300975474529e-05,-3.455300975474529e-05,-32.047971157020584,-28.431378230984137
7245.940267499999,baseline_eyes_closed,25.49301749795677,18.117687384276906,12.318424494267674,5.2675710054170395,-3.3872253879962955e-05,-3.3872253879962955e-05,-28.195947837439235,20.837043416917822
7246.377774499999,baseline_eyes_closed,6.421312708947426,-4.546796058739346,6.0337172782406014,0.7733198012899152,-3.469765943009406e-05,-3.469765943009406e-05,22.762791393398857,20.570160301786473
7246.7532208,baseline_eyes_closed,22.146071252047477,27.56252648952568,19.761523987991495,19.475324147613264,-3.3647958844085224e-05,-3.3647958844085224e-05,1.3936160546463725,3.9883814314011943
7247.1028105,baseline_eyes_closed,4.988856926534481,15.96421791389912,3.214697224272186,4.144429101789569,-3.369345358805731e-05,-3.369345358805731e-05,-9.513190758684686,-4.079993937434665
7247.5011378,baseline_eyes_closed,-9.161033463971762,-3.1772870111358316,-8.481497609533108,-5.560782291948669,-3.336049667268526e-05,-3.336049667268526e-05,-10.21659396871064,-33.421243617905475
7247.8704078,baseline_eyes_closed,-3.8258938398985265,1.5248275135099902,-9.888481106855124,-7.229785795400119,-3.532834307407029e-05,-3.532834307407029e-05,-3.5980511752468374,10.379993087798994
7248.2511783,baseline_eyes_closed,20.2772664223221,35.691685545200016,19.96871147422462,24.606757266362536,-3.651148836070206e-05,-3.651148836070206e-05,15.984558429819117,37.840017581802385
7248.629469999999,baseline_eyes_closed,-21.572717537987046,-28.32300685836117,-25.071809207322076,-19.80768933409803,-3.5474635296850465e-05,-3.5474635296850465e-05,-33.79630866235357,1.8533063124068576
7249.0200267,baseline_eyes_closed,2.9720617123675765,8.378954566709126,7.337273171136985,-0.7423946523923064,-3.528004890540615e-05,-3.528004890540615e-05,19.424852838848892,-16.22948006108436
7249.3986447,baseline_eyes_closed,-12.562849521574208,-6.806595629933781,-4.279162144903239,-13.073224035497788,-3.439831380092073e-05,-3.439831380092073e-05,-6.650892207098423,-15.292153470230915
7249.7517755,baseline_eyes_closed,-12.362765950123503,-3.8597772957650704,-11.248092401399845,-5.534238850200495,-3.507518431433709e-05,-3.507518431433709e-05,-7.9936808036859475,-8.210466131180965
7250.127817899999,baseline_eyes_closed,4.932649858538298,-1.5946373140095602,15.948331970359959,15.047674523733122,-3.370368267496815e-05,-3.370368267496815e-05,17.011276710619313,-30.93957985101042
7250.5305382999995,baseline_eyes_closed,10.929598133154741,15.234111349095656,11.883013689237487,16.897104951908943,-3.480836221569916e-05,-3.480836221569916e-05,9.705612283621122,-9.125670953436838
7250.939124699999,baseline_eyes_closed,9.149598105309906,3.4049960776296757,-9.395607986969026,-7.3746612289064615,-3.3341638300043996e-05,-3.3341638300043996e-05,8.34185630096772,10.363372507507393
7251.334572399999,baseline_eyes_closed,-27.943774628972278,-34.28599727831988,-13.73274839256328,-13.16758871366278,-3.3568912840564735e-05,-3.3568912840564735e-05,25.75811110565928,23.347461988514624
7251.7245195,baseline_eyes_closed,-12.604439522772736,-14.615030250381551,-3.2402343606322574,-9.929962427161286,-3.3702049222483765e-05,-3.3702049222483765e-05,-10.11288135011182,-12.4578340080011
7252.0896717,baseline_eyes_closed,36.53555499489812,27.010933650684365,18.926420295832486,12.797171648767346,-3.591795757529326e-05,-3.591795757529326e-05,-18.715255935397636,38.92185425125899
7252.4859424999995,baseline_eyes_closed,-7.132036346305085,17.806632806327798,-1.289652876324908,6.5090931946125465,-3.5992411540064495e-05,-3.5992411540064495e-05,10.446623085145347,18.89113756224515
7252.8982092999995,baseline_eyes_closed,22.84025852846844,-10.47788013304671,34.17186556876504,25.82431465248834,-3.146216749883024e-05,-3.146216749883024e-05,2.848628424506842,-53.138298065346135
7253.272066699999,baseline_eyes_closed,-31.99274217091579,-43.10852189385196,-13.37938105334024,-22.531890080420396,-3.442652177909622e-05,-3.442652177909622e-05,-24.47150986117913,-55.588242626598
7253.6775767,baseline_eyes_closed,-12.477038893398458,-16.19659992743118,-23.8071353306932,-15.97734238545604,-3.473052493063733e-05,-3.473052493063733e-05,-24.464402302050985,7.313267060953422
7254.0733227,baseline_eyes_closed,1.3661057936419638,-1.979991904974213,12.122155165879576,9.894998876319903,-3.4187050914624706e-05,-3.4187050914624706e-05,34.37166943007651,-18.469231523816234
7254.4570453999995,baseline_eyes_closed,3.8729067170615963,6.378737080769497,-15.15028611672551,-14.080212015375139,-3.4317621611990035e-05,-3.4317621611990035e-05,-31.579159475952565,17.54120662485957
7254.81653,baseline_eyes_closed,6.730116082781478,-9.09831761122723,2.161738987677836,0.7875248922684932,-3.348234713484999e-05,-3.348234713484999e-05,-20.30797838026774,13.101524792699365
7255.2052063,baseline_eyes_closed,0.40121150528239014,5.223051257143197,12.604374907055899,9.487490618702282,-3.614780234784121e-05,-3.614780234784121e-05,3.0272710932395057,-25.119779225889488
7255.5997822,baseline_eyes_closed,-14.90109612848346,-3.965679259785702,-2.2579759796894905,-5.502155558375421,-3.564482358342502e-05,-3.564482358342502e-05,0.4572807229224054,-50.359494267780974
7255.9871379999995,baseline_eyes_closed,3.469821196594694,12.775256299704779,12.971573457581599,12.769603424418904,-3.365780048625311e-05,-3.365780048625311e-05,7.2451174509528755,-15.557116686224617
7256.3961695,baseline_eyes_closed,25.226621338201767,25.095582302880757,20.270439831317162,13.841046828768071,-3.332957112434087e-05,-3.332957112434087e-05,3.8738091073855685,-18.289243150967195
7256.7913886,baseline_eyes_closed,0.564542740374236,0.8460988078536502,12.154432572370752,1.1667403870375779,-3.1522544304607436e-05,-3.1522544304607436e-05,-2.1451824557320833,-10.839886086246679
7257.1587297999995,baseline_eyes_closed,-17.624631336880157,-16.97254832865974,-10.76250198460184,-9.837166607422205,-3.436948190937983e-05,-3.436948190937983e-05,1.707499044046017,-32.08335757772011
7257.5550287,baseline_eyes_closed,7.041547424864348,-2.1288102388225525,-11.06520540074689,-15.19220284135713,-3.671683953143656e-05,-3.671683953143656e-05,-8.343120357449607,40.728763595354394
7257.911767399999,baseline_eyes_closed,-14.402056442044795,-13.060805043993696,-1.7504622620726877,1.5808244656923307,-3.310782449261751e-05,-3.310782449261751e-05,-11.397198676936114,4.129438739182206
7258.3196800999995,baseline_eyes_closed,13.265535695041308,-2.5017665757641225,-3.003267268635682,-2.1841611766521964,-3.3218546377611347e-05,-3.3218546377611347e-05,-18.692102467990026,23.331306244937423
7258.707286599999,baseline_eyes_closed,18.146822532143688,16.877836920340087,19.345027368322462,25.675336375193183,-3.414167804294266e-05,-3.414167804294266e-05,21.13311124945176,18.293355350244838
7259.1010479999995,baseline_eyes_closed,-4.2264533038082845,-6.321105101118974,-7.260459884317697,-11.710465913655582,-3.559912875061855e-05,-3.559912875061855e-05,-31.68348022492046,-54.15675025124665
7259.5104243,baseline_eyes_closed,-8.165883264759941,-13.328128117746019,-12.678291100451133,-13.748931872341984,-3.10422628899687e-05,-3.10422628899687e-05,-22.20754846096679,-0.08686687489034739
7259.896403999999,baseline_eyes_closed,26.33854826998504,30.269021814371627,7.624719848913628,3.3166330038876026,-3.19418431899976e-05,-3.19418431899976e-05,-11.006615334761591,-32.82447830213823
7260.256448799999,baseline_eyes_closed,-27.44067573191478,-54.62312247367754,-19.46125846093264,-28.99337774283123,-3.6839770473307e-05,-3.6839770473307e-05,-14.812252336960682,16.396597365105208
7260.630157399999,baseline_eyes_closed,2.3266099023994684,18.262358203131498,7.661836595904333,18.23508599462042,-3.5901996852771845e-05,-3.5901996852771845e-05,21.09613190498294,-7.801753265528987
7261.021549099999,baseline_eyes_closed,-0.03607985277358239,-15.369821413942645,5.46437676668711,0.1367405313885115,-3.620357620093273e-05,-3.620357620093273e-05,-15.796927808507917,-38.03220422746108
7261.452714899999,baseline_eyes_closed,-24.428324765549405,-21.88801341568478,-20.162938931552162,-25.380617752232922,-3.4622025850694627e-05,-3.4622025850694627e-05,-25.61471619820759,-27.225335854015157
7261.8403467,baseline_eyes_closed,-8.414826636307225,-41.582157506061776,-11.81679851005265,-23.202507008742884,-3.381051737960661e-05,-3.381051737960661e-05,-40.24069570291431,-51.10970099436872
7262.203730499999,baseline_eyes_closed,-23.07068040698141,4.819558120439524,-6.808331404634828,-3.29290526735565,-3.557826767064398e-05,-3.557826767064398e-05,-3.295975033040122,-28.018111531326213
7262.5860975,baseline_eyes_closed,-4.62011463232966,0.10335023821562572,0.5081594217253951,0.6647617880597636,-3.356172146595782e-05,-3.356172146595782e-05,-3.5043902715137847,17.567873659836096
7262.9411935,baseline_eyes_closed,17.08990975393317,3.9561577685321936,6.720917124259358,3.950398238369587,-3.098774413956562e-05,-3.098774413956562e-05,0.011332155414493172,-13.116819609846516
7263.3289906,baseline_eyes_closed,-6.370234269509183,-7.9353649598169795,3.583624116155079,0.582679970709421,-3.4926731132145505e-05,-3.4926731132145505e-05,3.291488422695693,-29.34871746310455
7263.698723799999,baseline_eyes_closed,-5.109127087885099,-40.665072799329664,-0.23406870151347903,1.935720395385374,-3.431525419728132e-05,-3.431525419728132e-05,25.154442923500937,30.631957970283565
7264.071094,baseline_eyes_closed,-7.786549671915509,10.090453767626059,-11.401031158056867,-16.025669143606706,-3.344461401866283e-05,-3.344461401866283e-05,3.000847159422392,6.428831575253753
7264.454877599999,baseline_eyes_closed,7.836052960243251,0.9182669161591548,11.622410825614224,15.974840635045439,-3.5091324207314756e-05,-3.5091324207314756e-05,9.080963756784058,25.94105036249266
7264.8358585999995,baseline_eyes_closed,-3.4835081745072785,-6.532942175098015,-2.676235751860986,1.5373165693322903,-3.553447368176421e-05,-3.553447368176421e-05,5.722959577766687,8.070892901303068
7265.220372299999,baseline_eyes_closed,0.5021483375003299,-6.462788463534707,0.6143054890553685,0.08162180437989264,-3.386651042092126e-05,-3.386651042092126e-05,14.410305159481595,0.9216192221861093
7265.579054399999,baseline_eyes_closed,-1.9852646148624444,-4.697148633848883,1.6862265538075007,7.806667125629929,-3.474055483820848e-05,-3.474055483820848e-05,-6.644129239927679,-8.83263810895096
7265.973997699999,baseline_eyes_closed,2.816295108070335,-1.116521413629016,-1.1227210309421025,-1.9808971977494707,-3.440090858930489e-05,-3.440090858930489e-05,-4.85687958645849,-1.6646063730217975
7266.3715477,baseline_eyes_closed,22.55587177472671,15.060856422911456,10.327798217692362,10.643352908705708,-3.457909679127624e-05,-3.457909679127624e-05,-8.489736600784454,22.167505846929544
7266.725971399999,baseline_eyes_closed,-21.929726827669583,-9.98783446450625,-3.853749641898048,-0.7766032239870242,-3.508269674057374e-05,-3.508269674057374e-05,20.72996661592424,-13.556428911163948
7267.1262915,baseline_eyes_closed,12.1604188473043,-7.689093611150838,-11.222208223495727,-13.52141820325295,-3.58400047844043e-05,-3.58400047844043e-05,-6.04304583000112,43.61847143659497
7267.5280439,baseline_eyes_closed,-9.255327951777872,-3.799863899137563,-16.34753003069136,-19.72495506173334,-3.459648087300593e-05,-3.459648087300593e-05,-10.683286866705203,14.312519253821847
7267.9293903,baseline_eyes_closed,-13.363749210024253,-14.10821797954759,-0.7685300142825326,-6.306435066735332,-3.333062704768963e-05,-3.333062704768963e-05,-30.164277953289456,-38.72798739228483
7268.317129799999,baseline_eyes_closed,-3.314701535666245,-5.934068498747365,-14.485617045605522,-5.794813625847212,-3.5244620448793285e-05,-3.5244620448793285e-05,-15.063280142206622,24.71429530585874
7268.702674799999,baseline_eyes_closed,2.1130269759310067,-0.7202767232988663,-2.8630779184491075,1.1555574701746423,-3.4410723856126424e-05,-3.4410723856126424e-05,-14.813515357009692,2.7205371184618343
7269.082675999999,baseline_eyes_closed,-5.6370511700911266,-1.2519136715582135,-4.996406819394451,-3.0513034748881296,-3.583260058803717e-05,-3.583260058803717e-05,8.839240793268345,2.471045762684753
7269.4641833,baseline_eyes_closed,4.507778738409343,3.1459509616756804,1.2474218737984302,1.4600256135052518,-3.7378617889771704e-05,-3.7378617889771704e-05,-1.770456716937133,-4.957872711934215
7269.899294999999,baseline_eyes_closed,-0.5172873695651106,9.537197781900886,5.269353233441052,7.915425356299522,-3.612677573983092e-05,-3.612677573983092e-05,-10.291742657352188,-7.563675610248538
7270.270355899999,baseline_eyes_closed,-5.110312110286031,-19.458220372844607,-7.5481423178898694,-11.606859774918803,-3.011493754456751e-05,-3.011493754456751e-05,-21.317954376897887,5.010893468385348
7270.677930399999,baseline_eyes_closed,10.824736760246651,12.760272625755988,0.7743419485332197,3.2466418975122906,-3.19010605380754e-05,-3.19010605380754e-05,10.657027432473114,30.36929577152796
7271.065489799999,baseline_eyes_closed,-5.568446465969373,-20.997303428850046,-27.705081497238552,-30.037390096896047,-3.4154696550103836e-05,-3.4154696550103836e-05,-38.985440563447355,7.0078151966449695
7271.456632099999,baseline_eyes_closed,13.536248649526897,11.612901088493345,14.142741587308137,8.649915599677229,-3.235207077523228e-05,-3.235207077523228e-05,12.207892717159666,10.93003160859098
7271.8301444,baseline_eyes_closed,-4.958968446017479,3.8111424961875855,4.702658820945544,11.898184611915099,-3.275140261393972e-05,-3.275140261393972e-05,12.443980915603788,-20.276219032200515
7272.1159501,baseline_eyes_closed,6.545468331918983,9.610710330707207,11.083828799100957,5.176157405444087,-3.4588434573379345e-05,-3.4588434573379345e-05,-26.43292904166219,-56.02026116646084
7272.4778083,baseline_eyes_closed,-10.373514479065307,-9.515312210407046,-2.2168371613247473,-1.113452688495613,-3.457333514234051e-05,-3.457333514234051e-05,-2.804475140658724,-16.017868892852675
7272.8539998999995,baseline_eyes_closed,34.23074105761634,30.100616454955798,4.896823342810876,-5.571868655182925,-3.4653029615583364e-05,-3.4653029615583364e-05,-3.276516680396071,29.21727555071402
7273.2837152,baseline_eyes_closed,-28.241303328330105,66.23800223062199,-18.750047814218306,9.74834788173689,-3.551023382897256e-05,-3.551023382897256e-05,-6.960742124285844,-10.571022022924808
7273.7118259,baseline_eyes_closed,8.40260288956506,-111.80060928528701,1.0523584198863318,-37.25908078507399,-3.43261208399781e-05,-3.43261208399781e-05,-21.844656241519715,-6.5435608876018705
7274.031933,baseline_eyes_closed,4.981684665391185,71.57262655766499,10.324087901046823,60.9370028461862,-3.6419475691218395e-05,-3.6419475691218395e-05,66.23260386339052,36.715798782211095
7274.6063631,baseline_eyes_closed,-2.9075500133180867,-98.04445526610743,-30.55115917220064,-70.80451687785916,-3.555528473953018e-05,-3.555528473953018e-05,-41.85463001794733,44.01353978739098
7274.801751799999,baseline_eyes_closed,42.17617043331438,71.37104643797011,19.126158683261565,28.24735918508918,-3.287452182121342e-05,-3.287452182121342e-05,26.523366676736714,87.85697882312388
7275.207565799999,baseline_eyes_closed,-15.856044704278702,28.560543437648448,41.499843141007204,58.78041523910912,-3.4732543099380564e-05,-3.4732543099380564e-05,71.54538499946739,-75.51946240912503
7275.6273506,baseline_eyes_closed,83.23837127565457,37.711028702198746,39.84828286967286,28.57328761094442,-3.3288471058767755e-05,-3.3288471058767755e-05,27.870155138421524,154.11910062869902
7275.9899243,baseline_eyes_closed,-43.32287785182052,-20.224842008735322,-32.411055705541,-29.616070742562385,-3.4477028748369776e-05,-3.4477028748369776e-05,-12.643344784947658,4.8436614963002285
7276.349516699999,baseline_eyes_closed,55.94393156721253,92.98035297771685,117.14002678434554,128.2582275719637,-3.644950811576564e-05,-3.644950811576564e-05,91.28532329090058,-81.43477047889382
7276.744702999999,baseline_eyes_closed,-10.335655541352025,-16.32606004108402,-10.297503926428817,-17.793901650002567,-3.6261105378798675e-05,-3.6261105378798675e-05,-36.758087912784504,-35.58356917993524
7277.1739277,baseline_eyes_closed,20.296906933620903,8.002020112034188,4.67765212617951,12.983944414547238,-3.368092620803509e-05,-3.368092620803509e-05,6.622757434202867,47.65131896363391
7277.596375599999,baseline_eyes_closed,-1.8847791309694912,2.3760198922436757,7.945699798084661,9.285527118958612,-3.376872336957604e-05,-3.376872336957604e-05,0.5995105496890574,-7.106039595564198
7277.982867899999,baseline_eyes_closed,-2.8039949302392415,-0.1194292230238716,10.038368186847038,15.234280225160433,-3.5480421502143145e-05,-3.5480421502143145e-05,23.66608957878998,-32.00191416748885
7278.3306907,baseline_eyes_closed,14.72016784248899,-5.0706050034759755,7.546161106117324,1.4390924249901786,-3.285297498223372e-05,-3.285297498223372e-05,-0.4886554167142094,10.74509744804709
