subject,phase,n_samples,duration_s,sr_hz,fz_artifact_pct,pz_artifact_pct,n_windows,mean_ratio,median_ratio,std_ratio,mean_theta_fz,mean_alpha_pz
1,baseline_eyes_open,4500,89.94615710000471,50.02993062835104,9.688888888888888,1.4444444444444444,156,15.8600528922794,6.408190840024433,21.0879714175471,56.72374067374869,5.4176455671433486
1,baseline_eyes_closed,4506,90.02903750000587,50.05051842301109,6.036395916555703,1.5090989791389258,178,6.325230694554593,2.0485928907696866,12.263427931169698,37.182816400571014,10.962195354012158
1,low_cognitive_load,9004,179.98337630000606,50.02684239566461,4.320302087960906,1.6548200799644603,356,6.341307427085687,2.1023686023815715,12.326307213399488,14.892253648704651,3.915048471905455
1,high_cognitive_load,8999,179.94116200000826,50.01079186095056,2.4224913879319923,1.4001555728414268,358,2.339477531417007,1.1876150163924932,3.6396900194672543,6.594242047802051,5.934149750793627
2,baseline_eyes_open,4500,89.95734010000524,50.02371118351617,5.066666666666666,4.511111111111111,178,4.841698041682508,2.322434042920902,7.613184245869459,59.14432354020447,18.82692056682406
2,baseline_eyes_closed,4500,89.98730230000183,50.0070552731739,1.1555555555555554,0.9111111111111111,179,1.6015514717620134,0.9742298436022934,1.8497804198368755,36.10012183533799,35.63173074370179
2,low_cognitive_load,9000,179.97876290000568,50.0058998905349,1.7333333333333334,11.11111111111111,353,3.843657225381238,1.1179281087895827,10.419127880483492,290.8303689428205,187.65076075235018
2,high_cognitive_load,8999,179.98254590000943,49.999292736971604,9.601066785198356,64.95166129569952,252,7.366648726277024,0.41734232608949307,18.49311468638396,262.84774914225517,436.07070021156943
3,baseline_eyes_open,4498,89.93824620000305,50.01209374260455,6.936416184971098,10.404624277456648,177,0.43303442772303313,0.20963948040657363,0.8054635508422789,12.156536603328806,45.40140262916336
3,baseline_eyes_closed,4502,90.01651790000506,50.01304321725765,1.6659262549977787,5.819635717458907,176,0.32536208769962727,0.11805093560957686,0.8685599448360256,6.662735077466343,44.39428208152392
3,low_cognitive_load,9000,179.96101890000318,50.01083042878816,4.133333333333334,9.188888888888888,357,0.3011942392024948,0.1558099595207173,0.45088711403135023,6.4177174437939,35.15029694753753
3,high_cognitive_load,9000,179.92569610000282,50.02064849590908,4.511111111111111,9.955555555555556,351,0.4836339443011971,0.18999131368387992,0.9944515498881312,80.51005303170894,371.0949472679012
4,baseline_eyes_open,4499,89.93264930000805,50.0263256450024,4.045343409646589,4.312069348744165,178,4.104375420988253,1.8226974939332654,7.061892565912649,53.56148664074902,16.635989361188933
4,baseline_eyes_closed,4500,90.01582070000404,49.99121226697651,6.622222222222222,6.7555555555555555,178,11.056751654765746,5.537901214829631,14.419683010628574,493.53008705190985,73.8818120266589
4,low_cognitive_load,9002,179.95036390000496,50.02490578458759,9.164630082203955,9.064652299489003,353,13.108694394863932,7.713184928250925,16.010303828828256,323.06653913303217,26.135419644184044
4,high_cognitive_load,9000,179.96881230000326,50.008664751297225,6.777777777777778,5.6,357,9.358201607640583,4.061762657474366,12.696377874032157,391.6429293264964,62.08654203404874
Daniel,baseline_eyes_open,234,89.53724499999771,2.6134375700302814,5.982905982905983,4.273504273504273,0,,,,,
Daniel,baseline_eyes_closed,233,89.75553870000113,2.59594007650914,5.150214592274678,8.15450643776824,0,,,,,
Daniel,low_cognitive_load,467,179.46067120000225,2.602241465371239,1.7130620985010707,4.496788008565311,0,,,,,
Daniel,high_cognitive_load,468,179.74665120000282,2.6036646406238733,1.7094017094017093,0.8547008547008547,0,,,,,
Edgar,baseline_eyes_open,235,89.74228850000327,2.618609397285333,1.2765957446808511,0.851063829787234,0,,,,,
Edgar,baseline_eyes_closed,235,89.42496529999335,2.6279014949756707,0.851063829787234,0.851063829787234,0,,,,,
Edgar,low_cognitive_load,467,179.8169858999936,2.5970850176508082,0.4282655246252677,0.21413276231263384,0,,,,,
Edgar,high_cognitive_load,473,179.63398239999879,2.633132070449512,1.2684989429175475,0.8456659619450317,0,,,,,
Edwin,baseline_eyes_open,233,89.77982119999797,2.5952379597744764,2.1459227467811157,1.7167381974248928,0,,,,,
Edwin,baseline_eyes_closed,234,89.58193559999563,2.6121337793465966,1.2820512820512822,1.2820512820512822,0,,,,,
Edwin,low_cognitive_load,466,179.5341079000009,2.595607071273378,1.9313304721030042,2.1459227467811157,0,,,,,
Edwin,high_cognitive_load,473,179.6400406000048,2.633043270421012,0.42283298097251587,1.2684989429175475,0,,,,,
Jeronimo,baseline_eyes_open,214,81.70593720000397,2.619148709795224,2.803738317757009,3.2710280373831777,0,,,,,
Jeronimo,baseline_eyes_closed,232,89.51789970000391,2.5916604475472282,2.1551724137931036,1.293103448275862,0,,,,,
Jeronimo,low_cognitive_load,468,180.17489089999071,2.5974762502271846,3.4188034188034186,2.3504273504273505,0,,,,,
Jeronimo,high_cognitive_load,470,181.91135669999858,2.5836759646353826,5.531914893617022,4.8936170212765955,0,,,,,
Joss,baseline_eyes_open,235,89.76182329999938,2.6180395112361943,8.085106382978724,9.787234042553191,0,,,,,
Joss,baseline_eyes_closed,232,89.67923079999946,2.586998103467246,0.8620689655172413,0.8620689655172413,0,,,,,
Joss,low_cognitive_load,469,179.34561099999337,2.615062601113876,5.11727078891258,3.624733475479744,0,,,,,
Joss,high_cognitive_load,471,179.79551210000136,2.6196426957422174,3.6093418259023355,2.335456475583864,0,,,,,
Rafael,baseline_eyes_open,1804,90.1527931999999,20.01047262060874,75.16629711751663,82.59423503325942,66,16.319467254715576,10.07819546978249,18.69512925535878,1.055844656305578,0.08444077785114659
Rafael,baseline_eyes_closed,1806,90.23416330000055,20.014592411031856,67.99557032115172,73.36655592469546,79,18.91875200747226,11.333246791132087,21.25316104344451,2.8119405418290775,0.11428830823037277
Rafael,low_cognitive_load,333,16.611408900000242,20.046463367715614,76.27627627627628,80.78078078078079,8,21.835569405899147,5.814609125819667,30.906605091242767,1.0538813872785542,0.08365205143703211
Rafael,high_cognitive_load,676,33.73642050000035,20.037691906288426,74.2603550295858,79.88165680473372,22,32.64008148801212,37.34320238613745,21.03919390032287,0.9054794713395764,0.03906285677930363
edwin2,baseline_eyes_open,234,89.46153029999732,2.615649421771707,1.7094017094017093,1.2820512820512822,0,,,,,
edwin2,baseline_eyes_closed,234,89.74579980000453,2.6073643615797177,0.42735042735042733,0.42735042735042733,0,,,,,
edwin2,low_cognitive_load,473,179.5690917999982,2.6340836012403597,1.0570824524312896,0.6342494714587738,0,,,,,
edwin2,high_cognitive_load,464,179.73205930000404,2.5816206736134,1.7241379310344827,1.9396551724137931,0,,,,,
eliza,baseline_eyes_open,234,89.64705529999992,2.6102363230663777,2.1367521367521367,10.256410256410257,0,,,,,
eliza,baseline_eyes_closed,234,89.56441430000086,2.6126447856422566,0.8547008547008547,1.7094017094017093,0,,,,,
eliza,low_cognitive_load,460,179.5701209000008,2.561673388058614,1.7391304347826086,9.347826086956522,0,,,,,
eliza,high_cognitive_load,459,179.69876729999987,2.554274616885479,1.9607843137254901,3.9215686274509802,0,,,,,
heberto,baseline_eyes_open,4500,89.98852160000013,50.0063777022868,18.288888888888888,33.28888888888889,171,3.019549035485206,0.2055848659636889,11.961921993384498,43.1498536857989,107.3919316561427
heberto,baseline_eyes_closed,4500,89.98063280000008,50.01076187141458,14.333333333333334,33.333333333333336,168,1.5169255750580726,0.11429024347365704,5.9729541381700315,30.112220681656147,139.52005148898573
heberto,low_cognitive_load,9000,179.97340910000003,50.007387452438934,6.9,16.455555555555556,341,0.21172477291613195,0.08401364805138348,0.6726985653561505,10.569494055749749,99.64147672671331
heberto,high_cognitive_load,9000,179.98575849999906,50.00395628524157,7.133333333333334,10.066666666666666,347,0.3477157148272396,0.12564252911351803,0.8446535406683252,12.584216443433782,79.67480694937045
jonhy,baseline_eyes_open,4502,90.05654779993347,49.990812550371004,1.6437139049311418,1.5770768547312306,179,2.1182357959339266,0.47898967428455547,9.639211692825057,1.1111794163100326,2.6144535000459124
jonhy,baseline_eyes_closed,4533,90.68710509990342,49.98505570341364,0.6838738142510479,0.8382969335980587,178,0.41262573485897763,0.1582349877092186,0.8574153813659071,0.5440017443658404,4.541646628223146
jonhy,low_cognitive_load,9036,180.77846109992242,49.98383073415751,2.135900841080124,1.9920318725099602,357,0.8295507536002205,0.3256207037759119,1.5470332508722182,0.7528698622654246,1.7729960766872557
jonhy,high_cognitive_load,8991,180.716387799941,49.751990450104245,5.29418307196085,4.726949171393616,357,1.7798377442556783,0.8471590854064658,2.9223457817560416,6.128050197591026,5.97328819348882
mai,baseline_eyes_open,242,90.11795310000161,2.685369470514479,2.0661157024793386,3.71900826446281,0,,,,,
mai,baseline_eyes_closed,242,89.95597539999835,2.690204835464487,1.6528925619834711,2.479338842975207,0,,,,,
mai,low_cognitive_load,322,120.27022529999886,2.677304371857721,1.2422360248447204,3.7267080745341614,0,,,,,
mai,high_cognitive_load,323,120.68780339999466,2.6763267778557838,3.4055727554179565,9.907120743034056,0,,,,,
michelle,baseline_eyes_open,4518,90.38604520000808,49.985592244936456,0.7746790615316512,1.0181496237273129,179,0.7364606321926737,0.34698060003642944,1.055896556435115,1.3179963219792794,2.9625018282833095
michelle,baseline_eyes_closed,4514,90.29181019999669,49.993459982710206,0.5316792202038104,0.31014621178555607,124,0.05527186156152179,0.03336157788891863,0.0777960088462462,0.8269241887164102,26.662203572519278
michelle,low_cognitive_load,9034,180.669556199995,50.002890304328155,0.6973655080805845,1.062652202789462,344,0.43914071917046993,0.1346167315826687,0.9279996137762393,1.410847593987699,6.56284284849234
michelle,high_cognitive_load,9042,180.841728899999,49.99952198532675,0.630391506303915,1.094890510948905,348,0.5613506600994833,0.12438383413338602,2.370362946651731,1.3789506901098985,7.8143349800319495
clau2,baseline_eyes_open,4520,90.37375979992794,50.01451759898568,1.0176991150442478,0.7522123893805309,179,0.8237233521083476,0.4287539823698316,1.1103583954781273,1.775305584825354,3.6741755749316716
clau2,baseline_eyes_closed,4518,90.36578009993536,49.99680183144052,0.7746790615316512,0.2877379371403276,179,0.30401339706968333,0.15289824853376058,0.39174649417415064,1.6885051024517206,9.968832282123923
clau2,low_cognitive_load,9038,180.7210494999308,50.01077641486063,0.8630227926532419,1.0179243195397212,360,0.8448304854626872,0.4096270833624944,1.4680609636458162,1.7525673376421196,3.739223616181099
clau2,high_cognitive_load,9034,180.62167259998387,50.016146290524425,0.7748505645339827,0.7748505645339827,360,0.7290437088829791,0.4165373696385712,0.9924154646992903,1.3473863214887691,3.222620270967472
